ingredient,count
글리세린,462
정제수,277
"1,2-헥산다이올",261
부틸렌글라이콜,248
나이아신아마이드,190
소듐하이알루로네이트,177
판테놀,163
아데노신,153
하이드로제네이티드레시틴,153
토코페롤,146
프로판다이올,146
트로메타민,145
잔탄검,141
다이소듐이디티에이,134
카보머,131
다이프로필렌글라이콜,122
펜틸렌글라이콜,117
알란토인,114
베타인,98
카프릴릭/카프릭트라이글리세라이드,89
세라마이드엔피,88
알지닌,87
하이드롤라이즈드하이알루로닉애씨드,82
베타-글루칸,79
시트릭애씨드,79
카프릴릴글라이콜,78
하이알루로닉애씨드,76
아크릴레이트/C10-30알킬아크릴레이트크로스폴리머,75
메틸프로판다이올,67
병풀추출물,66
폴리글리세릴-10라우레이트,64
스쿠알란,63
소듐하이알루로네이트크로스폴리머,59
덱스트린,56
트레할로오스,52
암모늄아크릴로일다이메틸타우레이트/브이피코폴리머,51
마데카소사이드,50
아시아티코사이드,49
소듐시트레이트,49
다이포타슘글리시리제이트,48
향료,48
콜레스테롤,45
마데카식애씨드,44
아시아틱애씨드,43
하이드록시프로필트라이모늄하이알루로네이트,43
인도멀구슬나무꽃추출물,43
리날룰,42
소듐아세틸레이티드하이알루로네이트,42
인도멀구슬나무잎추출물,42
하이드록시아세토페논,40
리모넨,37
글루타티온,36
소듐폴리아크릴레이트,35
참산호말추출물,35
소듐파이테이트,35
울금뿌리추출물,35
스테아릭애씨드,34
해바라기씨오일,34
홀리바질잎추출물,34
프룩토올리고사카라이드,34
글리세레스-26,34
하이드롤라이즈드소듐하이알루로네이트,33
세테아릴알코올,32
락토바실러스발효물,31
3-O-에틸아스코빅애씨드,30
제라니올,30
아스코빅애씨드,30
글루코오스,30
시트로넬올,30
글리세릴아크릴레이트/아크릴릭애씨드코폴리머,30
세린,29
소듐디엔에이,29
자일리톨,29
폴리글리세릴-10올리에이트,29
하이드록시에틸셀룰로오스,28
글루타믹애씨드,28
다이에톡시에틸석시네이트,27
글리세릴스테아레이트,27
약모밀추출물,26
포타슘하이알루로네이트,26
아세틸헥사펩타이드-8,26
하이드롤라이즈드콜라겐,26
다이메티콘,25
폴리글리세릴-10스테아레이트,25
사이아노코발아민,25
스페인감초뿌리추출물,24
토코페릴아세테이트,24
글라이신,23
황금추출물,23
카퍼트라이펩타이드-1,23
마카다미아씨오일,23
아이비고드열매추출물,23
글루코노락톤,22
글리세린-3,22
소듐폴리아크릴로일다이메틸타우레이트,22
하이드록시에틸아크릴레이트/소듐아크릴로일다이메틸타우레이트코폴리머,22
변성알코올,22
메틸글루세스-20,22
실리카,22
센티드제라늄꽃오일,21
팔미토일트라이펩타이드-1,21
카프릴릴/카프릴글루코사이드,21
시어버터,21
카카오추출물,21
폴리아크릴레이트크로스폴리머-6,21
로즈마리잎오일,21
병풀잎추출물,20
페룰릭애씨드,20
팔미토일테트라펩타이드-7,20
시트랄,20
솔비탄아이소스테아레이트,20
카페인,20
락토바실러스발효용해물,20
호호바씨오일,19
폴리글리세릴-3메틸글루코오스다이스테아레이트,19
레시틴,19
옥틸도데칸올,19
가지열매추출물,19
오렌지껍질오일,19
라벤더오일,18
하이드롤라이즈드글라이코사미노글리칸,18
피브이엠/엠에이코폴리머,18
팔미틱애씨드,18
만니톨,18
녹차추출물,18
올리브오일,18
하이드로제네이티드폴리아이소부텐,18
글리세릴카프릴레이트,18
트라이에틸헥사노인,18
팔미토일펜타펩타이드-4,17
팔미토일트라이펩타이드-5,17
히스티딘,17
트라넥사믹애씨드,17
클로렐라 불가리스추출물,17
징크피씨에이,17
락토바실러스/콩발효추출물,17
프룩토오스,17
돌콩오일,17
소듐클로라이드,16
베르가모트오일,16
세테아릴올리베이트,16
소듐아스코빌포스페이트,16
말토덱스트린,16
프롤린,16
소듐스테아로일글루타메이트,16
폴리솔베이트20,16
솔비탄올리베이트,16
세틸에틸헥사노에이트,16
살리실릭애씨드,16
베헤닐알코올,15
다이소듐포스페이트,15
아이소펜틸다이올,15
비피다발효용해물,15
알라닌,15
글리세릴글루코사이드,15
잇꽃꽃추출물,15
벤질글라이콜,15
메틸트라이메티콘,15
글리세릴폴리메타크릴레이트,15
바이오사카라이드검-1,15
폴리쿼터늄-51,15
락틱애씨드,15
아이리쉬모스추출물,15
콜라겐,15
바이오틴,14
트레오닌,14
엑토인,14
치자추출물,14
알파-알부틴,14
데실글루코사이드,14
트라이소듐이디티에이,14
카카오씨추출물,14
폴리메틸실세스퀴옥세인,14
"2,3-부탄다이올",14
아스파틱애씨드,14
하이드롤라이즈드엘라스틴,14
다이페닐다이메티콘,13
아세틸글루코사민,13
다마스크장미꽃수,13
풀루란,13
자일리틸글루코사이드,13
에스에이치-올리고펩타이드-1,13
폴리글루타믹애씨드,13
라임전초오일,13
무화과추출물,13
아라키딜글루코사이드,13
쇠비름추출물,13
페닐알라닌,13
아이소류신,13
메티오닌,13
하이드록시프로필사이클로덱스트린,13
발린,13
라이신,13
류신,13
셀룰로오스검,13
솔비톨,13
피토스테롤,13
피토스핑고신,13
시스테인,12
아스코빌글루코사이드,12
트라이펩타이드-1,12
하이드로제네이티드폴리데센,12
비닐다이메티콘,12
타이로신,12
글라이코리피드,12
포트마리골드꽃추출물,12
다마스크장미꽃오일,12
옥틸도데세스-16,12
카프릴로일살리실릭애씨드,12
멕시칸주니퍼오일,12
흰버드나무껍질추출물,12
수용성콜라겐,12
모란뿌리추출물,12
유채스테롤,12
소듐락테이트,12
소듐메타포스페이트,11
비사보롤,11
안하이드로자일리톨,11
덱스트란,11
소듐하이드록사이드,11
다시마추출물,11
알부틴,11
하이드록시에틸우레아,11
사탕수수추출물,11
프로필렌글라이콜,11
헥사펩타이드-9,11
에탄올,11
프로폴리스추출물,11
솔비탄올리에이트,11
글리세릴스테아레이트시트레이트,11
쑥잎추출물,11
아이소프로필미리스테이트,10
티옥틱애씨드,10
당근추출물,10
포타슘솔베이트,10
마트리카리아꽃추출물,10
소듐아크릴레이트/소듐아크릴로일다이메틸타우레이트코폴리머,10
소듐벤조에이트,10
콜라겐추출물,10
폴리솔베이트60,10
레티놀,10
참마뿌리추출물,10
글라이코실트레할로오스,10
C14-22알코올,10
C12-13알케스-9,10
에톡시다이글라이콜,10
피이지-100스테아레이트,9
4-터피네올,9
알로에베라꽃추출물,9
티트리잎추출물,9
노나펩타이드-1,9
다이펩타이드다이아미노부티로일벤질아마이드다이아세테이트,9
세라마이드에이피,9
세라마이드이오피,9
에리스리톨,9
티타늄디옥사이드,9
한련초잎추출물,9
백미꽃추출물,9
폴리글리세릴-2다이폴리하이드록시스테아레이트,9
젤란검,9
수크로오스스테아레이트,9
에틸헥실팔미테이트,9
지모뿌리추출물,9
류코노스톡/무발효여과물,9
소듐글루코네이트,9
당느릅나무뿌리추출물,9
에스에이치-폴리펩타이드-1,9
피피지-13-데실테트라데세스-24,9
레스베라트롤,9
비타민나무열매추출물,9
판토테닉애씨드,9
니코틴아마이드모노뉴클레오타이드,9
말라카이트추출물,9
C12-14알케스-12,9
하이드로제네이티드스타치하이드롤리세이트,9
폴리아이소부텐,9
아이소노닐아이소노나노에이트,9
베타-카로틴,9
니코틴아마이드아데닌다이뉴클레오타이드,8
메도우폼씨오일,8
로즈마리잎추출물,8
밤껍질추출물,8
소듐피씨에이,8
티트리잎오일,8
사카라이드아이소머레이트,8
사과추출물,8
유칼립투스잎추출물,8
띠뿌리추출물,8
황련뿌리추출물,8
다이메틸아이소소바이드,8
스핑고모나스발효추출물,8
글라이콜릭애씨드,8
포타슘포스페이트,8
올레익애씨드,8
석시닉애씨드,8
페닐트라이메티콘,8
다이메틸실란올하이알루로네이트,8
피이지-40하이드로제네이티드캐스터오일,8
폴리글리세릴-6라우레이트,8
아라키딜알코올,8
팔미토일트라이펩타이드-8,7
도둑놈의지팡이뿌리추출물,7
아세틸테트라펩타이드-3,7
에스에이치-데카펩타이드-7,7
페녹시에탄올,7
수크로오스,7
비에이치티,7
포타슘하이드록사이드,7
피이지-30다이폴리하이드록시스테아레이트,7
호장근뿌리추출물,7
아세틸테트라펩타이드-11,7
수크로오스팔미테이트,7
에스에이치-옥타펩타이드-4,7
세라마이드엔에스,7
마그네슘클로라이드,7
효모발효여과물,7
다이메티콘올,7
칡뿌리추출물,7
꿀추출물,7
비파나무잎추출물,7
별꽃추출물,7
드럼스틱씨오일,7
귀리커넬추출물,7
녹차수,7
소듐포스페이트,7
유비퀴논,7
아가,7
하이드로제네이티드폴리,7
캐모마일꽃오일,7
적색산화철,7
바쿠치올,7
솔비탄세스퀴올리에이트,7
테트라데실아미노부티로일발릴아미노부티릭우레아트라이플루오로아세테이트,7
하이드롤라이즈드디엔에이,7
로우스위트블루베리추출물,7
효모/보리씨발효여과물,7
효모/감자추출물발효여과물,7
암모늄폴리아크릴로일다이메틸타우레이트,7
타임잎추출물,7
소듐헤파린,6
폴스애플민트잎추출물,6
카르노신,6
포타슘세틸포스페이트,6
토마토추출물,6
라우릴글루코사이드,6
수크로오스다이스테아레이트,6
접시꽃추출물,6
양파추출물,6
스피어민트추출물,6
식물성스쿠알란,6
팔미토일헥사펩타이드-12,6
프룩탄,6
t-부틸알코올,6
알로에베라잎즙,6
인삼추출물,6
작약뿌리추출물,6
미리스틸글루코사이드,6
칸디다 봄비콜라/글루코오스/메틸레이프씨데이트발효물,6
리놀레익애씨드,6
달맞이꽃꽃추출물,6
피토스테릴/베헤닐/옥틸도데실라우로일글루타메이트,6
베타-시토스테롤,6
카프릴릴메티콘,6
영지버섯추출물,6
x,6
비니거,6
하이드롤라이즈드해면,6
포스파티딜콜린,6
카르니틴,6
편백잎추출물,6
한련초추출물,6
커피콩추출물,6
다이메티콘/비닐다이메티콘크로스폴리머,6
에스에이치-올리고펩타이드-2,6
클레리오일,6
아세틸테트라펩타이드-5,6
펜타에리스리틸테트라에틸헥사노에이트,6
폴리글리세릴-3다이스테아레이트,6
메틸다이아이소프로필프로피온아마이드,6
다마스크장미꽃추출물,6
에스에이치-폴리펩타이드-22,6
에스에이치-폴리펩타이드-3,6
아세틸테트라펩타이드-2,6
소듐하이알루로네이트다이메틸실란올,6
붉은토끼풀꽃추출물,6
마이카,6
C12-20알킬글루코사이드,6
산수유열매추출물,6
글라이코프로테인,6
칼슘클로라이드,6
티트리추출물,6
산양삼추출물,6
세라마이드에이에스,6
포타슘클로라이드,6
바오밥나무씨오일,6
아데노신트라이포스페이트,6
비스-피이지-18메틸에터다이메틸실레인,6
폴리글리세릴-3다이아이소스테아레이트,6
글라이코스핑고리피드,6
아라비아고무나무검,5
구아이아줄렌,5
낫토검,5
클로페네신,5
에칠아스코빌에텔,5
대왕소나무잎추출물,5
아모다이메티콘,5
녹차씨오일,5
다이펩타이드-4,5
소듐다이라우미도글루타미드라이신,5
하이드록시피나콜론레티노에이트,5
레몬밤꽃/잎/줄기수,5
버지니아풍년화추출물,5
글리세릴스테아레이트에스이,5
레몬밤잎추출물,5
석류추출물,5
로즈힙열매추출물,5
아스코빌팔미테이트,5
로즈마리잎수,5
트라이소듐에틸렌다이아민다이석시네이트,5
다이부틸아디페이트,5
아세틸다이펩타이드-1세틸에스터,5
흰목이버섯추출물,5
아스타잔틴,5
옥수수전분,5
코코-카프릴레이트/카프레이트,5
폴리글리세릴-4카프레이트,5
티아민에이치씨엘,5
불가리스쑥오일,5
다이펩타이드-2,5
광곽향오일,5
하수오뿌리추출물,5
폴리글리세릴-10미리스테이트,5
베타인살리실레이트,5
이눌린라우릴카바메이트,5
셀룰로오스,5
타임추출물,5
퀸즈랜드넛오일,5
에스에이치-펜타펩타이드-19,5
에스에이치-올리고펩타이드-9,5
올리고펩타이드-1,5
사과씨추출물,5
참당귀뿌리추출물,5
글리세릴올리에이트,5
베르가모트잎추출물,5
고삼뿌리추출물,5
락토코쿠스발효용해물,5
천문동뿌리추출물,5
감나무잎추출물,5
다이카프릴릴카보네이트,5
지황뿌리추출물,5
타우린,5
폴리글루쿠로닉애씨드,5
홍삼추출물,5
오일팜오일,5
마그네슘아스코빌포스페이트,5
우레아,5
아세틸옥타펩타이드-3,5
데이지꽃추출물,5
헥실데칸올,5
효모/구리발효물,4
사이클로덱스트린,4
비피다발효여과물,4
만노오스,4
마그네슘설페이트,4
감초뿌리추출물,4
효모/철발효물,4
포도씨오일,4
캐모마일꽃추출물,4
솔비탄스테아레이트,4
소듐메틸스테아로일타우레이트,4
전호추출물,4
레몬껍질오일,4
효모/마그네슘발효물,4
소듐하이알루로 네이트,4
알지닌/라이신폴리펩타이드,4
오카무라큰실말추출물,4
발삼아미리스껍질오일,4
하이드롤라이즈드익스텐신,4
리놀레닉애씨드,4
트립토판,4
효모발효추출물,4
소엽맥문동뿌리추출물,4
아스파라진,4
잇꽃씨오일,4
글루타민,4
카라기난,4
소나무잎추출물,4
수용성프로테오글리칸,4
탄닉애씨드,4
트록세루틴,4
유칼립투스잎오일,4
포도추출물,4
하이드롤라이즈드식물성단백질,4
벤질벤조에이트,4
서양송악잎/줄기추출물,4
라우릭애씨드,4
엘라스틴,4
비타민나무수,4
알로에베라잎추출물,4
효모/아연발효물,4
육계나무껍질추출물,4
라즈베리케톤,4
효모/실리콘발효물,4
티트리잎수,4
더덕뿌리추출물,4
사과세포배양추출물,4
인디안구스베리열매추출물,4
드럼스틱씨추출물,4
포도씨추출물,4
헥사펩타이드-11,4
페네틸알코올,4
알진,4
헥실렌글라이콜,4
에스에이치-폴리펩타이드-121,4
소듐팔미토일사코시네이트,4
검은뽕나무열매추출물,4
아세틸글루타민,4
헵타소듐헥사카복시메틸다이펩타이드-12,4
미리스토일펜타펩타이드-17,4
미리스토일펜타펩타이드-4,4
미리스틱애씨드,4
쌀발효여과물,4
이눌린,4
트라이펩타이드-32,4
에스알-,4
에스에이치-폴리펩타이드-11,4
에스에이치-폴리펩타이드-9,4
바실러스발효물,4
에스에이치-폴리펩타이드-16,4
피씨에이,4
각시둥굴레뿌리줄기/뿌리추출물,4
소듐메타바이설파이트,4
밀리타리스동충하초추출물,4
동충하초추출물,4
연꽃뿌리추출물,4
피브이피,4
멜라토닌,4
글라이코사미노글리칸,4
메나다이온,4
아세틸테트라펩타이드-9,4
리솔레시틴,4
레티닐팔미테이트,4
하이드롤라이즈드치자추출물,4
폴릭애씨드,4
피리독신,4
카라멜,4
하이드록시데실유비퀴논,4
바이오티노일트라이펩타이드-1,4
소듐트라이메타포스페이트,4
하이드록시프로필비스팔미타마이드엠이에이,4
글루코실루틴,4
수크로오스라우레이트,4
아크릴레이트/암모늄메타크릴레이트코폴리머,4
하이드록시페닐프로파미도벤조익애씨드,4
스타아니스추출물,4
니코티노일트라이펩타이드-1,4
포도세포추출물,3
병풀뿌리추출물,3
폴리아크릴레이트-13,3
대추추출물,3
콜라겐아미노산,3
트라이아이소스테아린,3
스피어민트잎오일,3
자몽껍질오일,3
스테아레스-20,3
비치스트로베리추출물,3
올리고펩타이드-2,3
온천수,3
헤스페리딘메틸칼콘,3
C12-14파레스-12,3
스클레로튬검,3
판토락톤,3
사코신,3
폴리글리세릴-4라우레이트,3
소듐서팩틴,3
지치뿌리추출물,3
클로헥시딘디글루코네이트,3
트라이펩타이드-10시트룰린,3
아세틸헥사펩타이드-1,3
니코티노일다이펩타이드-23,3
헥사펩타이드-12,3
하이드롤라이즈드옥수수전분,3
트라이펩타이드-3,3
이노시톨,3
화이트루핀씨추출물,3
프랑스해안송껍질추출물,3
아스코빅애씨드폴리펩타이드,3
카카두플럼추출물,3
라즈베리추출물,3
케이프알로에잎추출물,3
팔미토일트라이펩타이드-38,3
겨우살이추출물,3
키토산,3
칼슘판토테네이트,3
레틴알,3
폴리메틸메타크릴레이트,3
티몰트라이메톡시신나메이트,3
펜타에리스리틸테트라-다이-t-부틸하이드록시하이드로신나메이트,3
폴리글리세릴-4올리에이트,3
하이드로제네이티드식물성오일,3
올레아놀릭애씨드,3
호동씨오일,3
편백수,3
달맞이꽃오일,3
갈락토미세스발효여과물,3
플로레틴,3
에피갈로카테킨갈레이트,3
미나리추출물,3
라이소레시틴,3
돌콩펩타이드,3
하늘타리뿌리추출물,3
옥수수커넬추출물,3
콜레스-24,3
일랑일랑꽃오일,3
라피노오스,3
메틸다이하이드로자스모네이트,3
테레프탈릴리덴디캠퍼설포닉애씨드,3
효모추출물,3
아틀라스시다나무껍질오일,3
글리시레티닉애씨드,3
석시노글리칸,3
벤질살리실레이트,3
하이드록시에틸피페라진에탄설포닉애씨드,3
솔비탄라우레이트,3
폴리우레탄-15,3
만델릭애씨드,3
마시멜로뿌리추출물,3
헤스페리딘,3
메도우스위트꽃추출물,3
개박하추출물,3
서양산딸기잎추출물,3
제로틴/하이드롤라이즈드디엔에이,3
피이지-6,3
글리세릴폴리아크릴레이트,3
바위손추출물,3
카바카바잎/뿌리/줄기추출물,3
인삼열매추출물,3
삼백초추출물,3
수련추출물,3
올리브나무잎추출물,3
람노오스,3
에칠헥실트리아존,3
아스코빌테트라이소팔미테이트,3
아르간커넬오일,3
폴리글리세릴-10다이아이소스테아레이트,3
레이디스맨틀잎추출물,3
리보플라빈,3
삼색제비꽃추출물,3
와일드인디고뿌리추출물,3
마이크로크리스탈린셀룰로오스,3
에틸렌브라실레이트,3
피이지-7글리세릴코코에이트,3
복사나무꽃추출물,3
알파-비사보롤,3
유칼립톨,3
메틸렌다이옥시페닐메틸프로판알,3
헥세닐아세테이트,3
징크옥사이드,3
효모폴리펩타이드,3
베헤닉애씨드,3
초피나무열매추출물,3
"2,4-다이메틸-3-사이클로헥신카복스알데하이드",3
코질메틸렌다이옥시신나메이트,3
3-헥센올,3
라미나리아 오크롤레우카추출물,3
하이드로제네이티드포스파티딜콜린,3
틴옥사이드,3
소듐올리에이트,3
프로필렌글라이콜알지네이트,3
오이열매추출물,3
소듐바이카보네이트,3
2-t-부틸사이클로헥실아세테이트,3
피이지-10피토스테롤,3
호호바왁스피이지-120에스터,3
트라이데세스-6,3
오크라열매추출물,3
신선초추출물,3
몰로키아잎추출물,3
삽주뿌리줄기추출물,3
에스에이치-폴리펩타이드-62,3
쿠푸아수씨버터,3
합성플루오르플로고파이트,3
연필향나무오일,3
피이지/피피지-17/6코폴리머,3
서양배추출물,3
아텔로콜라겐,3
피이지-60하이드로제네이티드캐스터오일,3
리날릴아세테이트,3
소듐아크릴릭애씨드/엠에이코폴리머,3
캐스터오일/아이피디아이코폴리머,3
호박가루,3
에틸리날룰,3
라즈베리잎추출물,3
더위지기추출물,2
필리핀오렌지껍질오일,2
펜타펩타이드-18,2
팔미토일다이펩타이드-5다이아미노부틸로일하이드록시트레오닌,2
하이드록시프로필구아,2
냉초추출물,2
복숭아씨추출물,2
살비아추출물,2
하이드록시프로필스타치포스페이트,2
쇠뜨기추출물,2
토마토열매/잎/줄기추출물,2
라이코펜,2
효모/띠뿌리발효추출물,2
효모/겨우살이발효추출물,2
버지니아풍년화수,2
피피지-26-부테스-26,2
소듐콘드로이틴설페이트,2
아세타마이드엠이에이,2
팔미타마이드엠이에이,2
세트리모늄브로마이드,2
파파야열매추출물,2
벤조트라이아졸릴도데실p-크레솔,2
쌀추출물,2
토마토즙,2
붉나무충영추출물,2
진흙버섯추출물,2
피브로넥틴,2
토마토수,2
실리카다이메틸실릴레이트,2
풀러린,2
해마토코쿠스 플루비알리스오일,2
다이메티콘크로스폴리머,2
소르빅애씨드,2
카퍼글루코네이트,2
카프릴로일다이펩타이드-17,2
질경이추출물,2
왜당귀뿌리추출물,2
헥사펩타이드-2,2
"비스-에톡시다이글라이콜사이클로헥산1,4-다이카복실레이트",2
아미노에탄설피닉애씨드,2
폴리쿼터늄-7,2
포도덩굴수액,2
올리고펩타이드-3,2
아세틸펜타펩타이드-1,2
바나나추출물,2
옥타펩타이드-2,2
니코티노일다이펩타이드-26,2
니코티노일트라이펩타이드-35,2
노나펩타이드-7,2
미리스토일헥사펩타이드-16,2
알라닌/히스티딘/라이신폴리펩타이드카퍼에이치씨엘,2
완두콩펩타이드,2
팔미토일테트라펩타이드-10,2
팥추출물,2
폴리락틱애씨드,2
복숭아추출물,2
살비아잎추출물,2
자일로오스,2
미역추출물,2
하이드록시메톡시페닐데칸온,2
펜타펩타이드-13,2
구기자추출물,2
카페오일트라이펩타이드-1,2
서양톱풀추출물,2
쿼세틴,2
올리고펩타이드-32,2
올리고펩타이드-29,2
포트마리골드추출물,2
트라이펩타이드-29,2
테트라펩타이드-30,2
테트라펩타이드-44,2
편백오일,2
인동덩굴꽃추출물,2
하이드록시프롤린,2
글리세린-3크로스폴리머,2
효모/자일리눔/홍차발효물,2
창포뿌리추출물,2
사탕무뿌리추출물,2
팔미토일트라이펩타이드-29,2
감추출물,2
생강추출물,2
은행추출물,2
포스포리피드,2
에스에이치-데카펩타이드-9,2
디에칠아미노하이드록시벤조일헥실벤조에이트,2
소듐아크릴레이트크로스폴리머-2,2
트라이데세스-10,2
세틸알코올,2
빙하수,2
피이지-10레이프씨드스테롤,2
글리세레스-20,2
폴리실리콘-11,2
포도주추출물,2
포타슘코코일글리시네이트,2
글라이콜다이스테아레이트,2
옥타펩타이드-7,2
하이드레이티드실리카,2
코질카복시다이펩타이드-23,2
갈로일펜타펩타이드-33,2
카페오일에스에이치-옥타펩타이드-4,2
황해쑥잎수,2
암모늄아크릴로일다이메틸타우레이트/스테아레스-25크로스폴리머,2
마트리카리아꽃/잎추출물,2
로즈마리추출물,2
파네솔,2
보리지씨오일,2
워터민트추출물,2
보론나이트라이드,2
트라이프로필렌글라이콜,2
구아검,2
하이드롤라이즈드맥아추출물,2
하이드롤라이즈드삼색제비꽃추출물,2
글리세레스-25피씨에이아이소스테아레이트,2
해수,2
마트리카리아추출물,2
소엽잎추출물,2
바오밥나무씨추출물,2
멕시칸치아씨추출물,2
펜타에리스리틸테트라아이소스테아레이트,2
버지니아풍년화잎수,2
폴리글리세릴-10아이소스테아레이트,2
드로메트리졸트리실록산,2
실버위드추출물,2
사이클로펜타실록세인,2
제비꽃꽃추출물,2
올리고펩타이드-68,2
사포닌,2
다이펩타이드-15,2
펜타펩타이드-3,2
아티초크잎추출물,2
아이소헥사데칸,2
라이신에이치씨엘,2
폴리솔베이트80,2
소듐아크릴레이트/비닐알코올코폴리머,2
C18-21알케인,2
멜론추출물,2
오리스뿌리추출물,2
연어알추출물,2
피이지-8,2
금,2
운데케인,2
트루로즈오브예리코추출물,2
양까막까치밥나무열매추출물,2
글리세릴리놀리네이트,2
글리세릴아라키도네이트,2
밤부사 불가리스수,2
당호박추출물,2
흰서양송로추출물,2
왕귤껍질오일,2
다이펜타에리스리틸헥사C5-9애씨드에스터,2
크랜베리추출물,2
트라이데케인,2
빌베리열매추출물,2
에스에이치-폴리펩타이드-19,2
팔미토일펜타펩타이드-5,2
캐롭검,2
벤조익애씨드,2
라벤더꽃추출물,2
소듐카보머,2
사카라이드하이드롤리세이트,2
수용성엘라스틴,2
녹차씨추출물,2
세라마이드1,2
연꽃추출물,2
둥굴레뿌리줄기추출물,2
마돈나백합비늘줄기추출물,2
꿀,2
트라이하이드록시스테아린,2
하이드롤라이즈드알진,2
에델바이스캘러스배양추출물,2
무수자일리톨,2
스테아릴글리시레티네이트,2
다발방패버섯추출물,2
멘톡시프로판다이올,2
마트리카리아꽃수,2
향부자추출물,2
효모발효물,2
라반딘오일,2
세틸포스페이트,2
호두추출물,2
매실추출물,2
원추리꽃추출물,2
세라마이드2,2
바실러스/폴릭애씨드/돌콩발효추출물,2
카페오일헥사펩타이드-65,2
아이리쉬모스가루,2
톳추출물,2
오레가노잎추출물,2
겔리듐 카르틸라기네움추출물,2
콥티스뿌리추출물,2
복숭아수,2
버지니아풍년화잎추출물,2
멕시칸치아씨오일,2
연교추출물,2
실크수,2
세라마이드3,2
폴리글리세릴-6카프릴레이트,2
서양민들레잎추출물,2
하이드록시프로필메틸셀룰로오스,2
에스에이치-폴리펩타이드-123,2
아미노메틸프로판다이올,2
사발팜열매추출물,2
다이스타치포스페이트,2
하이드롤라이즈드호호바에스터,2
라우로일라이신,2
에난티아 클로란타껍질추출물,2
글리세릴리놀리에이트,2
다이하이드로미리세틴,2
쌀겨오일,2
마누카잎추출물,2
다이에틸헥실시링질리덴말로네이트,2
돌콩배아추출물,2
프로필헵틸카프릴레이트,2
아라키딕애씨드,2
다이소듐스테아로일글루타메이트,2
동백나무씨오일,2
마그네슘글루코네이트,2
소듐글리세로포스페이트,2
유용성감초추출물,2
세라마이드이엔피,2
포타슘마그네슘아스파테이트,2
칼슘글루코네이트,2
세테아레스-20,2
크레아틴,2
징크글루코네이트,2
우릭애씨드,2
황색4호,2
페퍼민트잎추출물,2
서인도체리열매추출물,2
염소유추출물,2
실크추출물,2
베티버뿌리오일,2
브로멜라인,2
세테아릴글루코사이드,2
락토바실러스,2
알테로모나스발효추출물,2
티트리꽃/잎/줄기추출물,2
피마자씨오일,2
피이지-90,2
다이에틸헥실석시네이트,2
옥수수잎추출물,1
칼슘알루미늄보로실리케이트,1
아이슬란드이끼추출물,1
꿀풀추출물,1
벼에스에이치-올리고펩타이드-1,1
소르비탄올리베이트,1
아이소도데케인,1
비스-하이드록시에톡시프로필다이메티콘,1
폴리에터-1,1
마카다미아씨오일폴리글리세릴-6에스터스베헤네이트,1
데카펩타이드-4,1
베르가못잎추출물,1
카프릴하이드록사믹애씨드,1
레몬수,1
시스틴,1
스테아릴헵타노에이트,1
콩폴리펩타이드,1
데하이드로아세틱애씨드,1
병풀즙,1
연꽃잎추출물,1
삼나무잎추출물,1
뽕나무뿌리추출물,1
비닐다이메티콘/메티콘실세스퀴옥세인크로스폴리머,1
실리카실릴레이트,1
소듐구아이아줄렌설포네이트,1
들깨잎추출물,1
트레할로스,1
블래더랙추출물,1
맥아추출물,1
카놀라오일,1
발삼코파이바수지,1
징크클로라이드,1
불가리스매자열매추출물,1
초피나무열매오일,1
당근씨오일,1
밤보늬추출물,1
소듐폴리아크릴레이트스타치,1
소듐설파이트,1
에틸헥실펠라고네이트,1
육두구커넬오일,1
소듐글루타메이트,1
피이지-150,1
아이소세틸스테아로일스테아레이트,1
글라이콜스테아레이트,1
시로미열매즙,1
아쿠아,1
애기부들이삭추출물,1
피이지-40스테아레이트,1
헥실데실에틸헥사노에이트,1
트라이실록세인,1
방풍뿌리추출물,1
로즈힙열매오일,1
포타슘아스파테이트,1
스테아릴알코올,1
비오틴/폴릭애씨드/시아노코바라민/니아신아마이드/판토테닉애씨드/피리독신/리보플라빈/티아민/효모폴리펩테이드,1
올리고펩타이드-4,1
피이지-5글리세릴스테아레이트,1
하이드롤라이즈드콩단백질,1
하이드록시시트로넬알,1
복령균핵추출물,1
히스티딘에이치씨엘,1
피피지-3카프릴릴에터,1
윈터체리뿌리추출물,1
육두구추출물,1
메틸글루코오스세스퀴스테아레이트,1
빌베리씨오일,1
마룰라씨오일,1
살비아수,1
홍차추출물,1
아프리카스파이더플라워잎추출물,1
수국잎추출물,1
줄맨드라미씨추출물,1
치자꽃추출물,1
센티드제라늄추출물,1
피리독신에이치씨엘,1
동아씨추출물,1
다이포타슘포스페이트,1
무환자추출물,1
비누풀잎추출물,1
코코넛야자오일,1
천궁뿌리추출물,1
치자나무꽃추출물,1
목서꽃추출물,1
코카미도프로필베타인,1
수레국화꽃수,1
맨드라미꽃추출물,1
부틸옥틸살리실레이트,1
다이페닐실록시페닐트라이메티콘,1
디소듐이디티에이,1
암모늄폴리아크릴로일디메칠타우레이트,1
글리세릴이소스테아레이트,1
피피지-6-데실테트라데세스-30,1
피이지-6카프릴릭/카프릭글리세라이드,1
디메치콘,1
적색504호,1
테트라소듐이디티에이,1
트라이에탄올아민,1
세테스-24,1
올레스-5,1
올레스-3,1
올레스-3포스페이트,1
소듐알엔에이,1
판테틴,1
콜라나무씨추출물,1
트리펩타이드-32,1
피이지-75,1
소이아이소플라본,1
우유엑소좀,1
은행나무잎추출물,1
복사나무잎추출물,1
스위트아몬드오일,1
팔리토일트라이펩타이드-5,1
소듐팔미토일프롤린,1
폴리,1
알바수련꽃추출물,1
"적색산화철','글루타티온'",1
세테아릴아이소노나노에이트,1
피씨에이다이메티콘,1
라우다이모늄하이드록시프로필하이드롤라이즈드밀단백질,1
프로콜라겐,1
다이소듐아데노신트라이포스페이트,1
제인,1
달맞이꽃추출물,1
대왕송잎추출물,1
스타이렌/아크릴레이트코폴리머,1
C12-13파레스-9,1
푸마릭애씨드,1
씨대퍼딜추출물,1
프렌치로즈꽃추출물,1
오레가노추출물,1
헥실신남알,1
아보카도오일,1
비타민나무열매오일,1
히아신스전초추출물,1
클레리추출물,1
수레국화꽃추출물,1
보리지추출물,1
덱스트린팔미테이트,1
꽃송이버섯추출물,1
카프릴릭/카프릭/석시닉트라이글리세라이드,1
알루미늄/마그네슘하이드록사이드스테아레이트,1
세테스-5,1
세테스-3,1
코토니추출물,1
피이지-5레이프씨드스테롤,1
타라열매추출물,1
바이오사카라이드검-4,1
소듐나프탈렌설포네이트,1
히비스커스꽃추출물,1
호스테일켈프추출물,1
스트로브잣나무껍질추출물,1
데사미도콜라겐,1
마카뿌리추출물,1
올레일알코올,1
"정제수','잔탄검'",1
스트렙토코쿠스 테르모필루스발효물,1
프로필갈레이트,1
에르고티오네인,1
바추잎잎추출물,1
리씨열매오일,1
오렌지꽃오일,1
하이드롤라이즈드스클레로튬검,1
피톨,1
비즈왁스,1
폴리글리세릴-3폴리리시놀리에이트,1
피이지-7트라이메틸올프로판코코넛에터,1
바위돌꽃뿌리추출물,1
아르니카 몬타나꽃추출물,1
눈빛승마추출물,1
회화나무꽃추출물,1
채찍산호추출물,1
당호박씨오일,1
락토바실러스세포외소포,1
폴리쿼터늄-22,1
라우릴하이드록시설테인,1
다이소듐코코암포다이아세테이트,1
아크릴레이트코폴리머,1
비스-에칠헥실옥시페놀메톡시페닐트리아진,1
옥토크릴렌,1
글루타밀아미도에틸인돌,1
C12-14Sec-알케스-12,1
흰무늬엉겅퀴추출물,1
라케모사승마뿌리추출물,1
"소듐아세틸레이티드하이알루로네이트','하이드롤라이즈드하이알루로닉애씨드'",1
테트라하이드로피페린,1
폴리하이드록시스테아릭애씨드,1
돌콩추출물,1
폴리글리세릴-6올리에이트,1
연꽃잎세포배양가루,1
C9-12알케인,1
요엽후박나무껍질추출물,1
연꽃캘러스배양추출물,1
녹차카테킨,1
트라이에톡시카프릴릴실레인,1
미네랄솔트,1
이리추출물,1
메틸글루세스-10,1
소듐살리실레이트,1
라벤더꽃수,1
설탕단풍추출물,1
오렌지추출물,1
레몬추출물,1
테트라아세틸피토스핑고신,1
장미추출물,1
장미꽃오일,1
"에칠아스코빌에텔','소듐헥사메타포스페이트'",1
소듐레불리네이트,1
레불리닉애씨드,1
오렌지수,1
소듐실리케이트,1
칼슘실리케이트,1
"소듐헥사메타포스페이트','비타민나무수'",1
포도덩굴추출물,1
애플민트잎추출물,1
콘민트잎추출물,1
갈랑가갈랑갈추출물,1
뽕나무열매추출물,1
스키산드라 스페난테라열매추출물,1
비타민나무추출물,1
카우슬립꽃추출물,1
락토바실러스/석류발효추출물,1
모하비유카뿌리추출물,1
몰약수지추출물,1
페루기네움철쭉추출물,1
루이보스추출물,1
자이언트켈프추출물,1
락토코쿠스발효물,1
서양톱풀꽃/잎/줄기추출물,1
코코넛야자열매수,1
황색산화철,1
락토바실러스/콩추출물발효여과물,1
스피드웰꽃/잎/줄기추출물,1
검은귀리추출물,1
화산재,1
타마린드씨검,1
아세틸피토스핑고신,1
콜레스테릴노나노에이트,1
콜레스테릴클로라이드,1
콜레스테릴아이소스테아레이트,1
4-t-부틸사이클로헥산올,1
볼도잎추출물,1
카프 릴릭/카프릭트라이글리세라이드,1
하이드로제네이티드올리브오일불검화물,1
흰목이버섯폴리사카라이드,1
장미꽃,1
서양산딸기추출물,1
아사이팜열매추출물,1
마조람잎오일,1
효모/보리씨발효추출물,1
레이디스맨틀꽃/잎/줄기추출물,1
"글리세린', '다이메티콘', '아이소세틸스테아레이트', '나이아신아마이드', '아이소프로필라우로일사코시네이트', '실리카', '암모늄폴리아크릴로일다이메틸타우레이트', '쌀전분', '석류과피추출물', '포타슘세틸포스페이트', '솔비탄올리에이트', '징크피씨에이', '글리세릴스테아레이트에스이', '아이소헥사데칸', '소듐하이드록사이드', '미리스틸미리스테이트', '2-올레아미도-1,3-옥타데칸다이올', '만노오스', '폴록사머338', '카프릴로일살리실릭애씨드', '카프릴릴글라이콜', '비트레오스실라발효물', '시트릭애씨드', '트라이소듐에틸렌다이아민다이석시네이트', '말토덱스트린', '잔탄검', '펜틸렌글라이콜', '폴리솔베이트80', '아크릴아마이드/소듐아크릴로일다이메틸타우레이트코폴리머', '살리실릭애씨드', '피록톤올아민', '향료'",1
당아욱꽃/잎/줄기추출물,1
아이소세테스-20,1
해마토코쿠스 플루비알리스추출물,1
유럽밤나무씨추출물,1
클로렐라 프로토테코이데스추출물,1
세틸팔미테이트,1
쓴풀추출물,1
푸른연꽃추출물,1
징크하이드롤라이즈드하이알루로네이트,1
글루코닉애씨드,1
펜타펩타이드-4,1
팔미토일다이펩타이드-7,1
실란트라이올,1
알지닉애씨드,1
카프로익애씨드,1
콜라겐수,1
우유지질,1
초유,1
효모발효용해여과물,1
피키아발효용해여과물,1
바오밥나무잎추출물,1
서양송악추출물,1
레몬향티트리오일,1
소듐아세테이트,1
노티드랙추출물,1
엘더꽃추출물,1
월귤잎추출물,1
에델바이스꽃/잎추출물,1
네오펜틸글라이콜다이카프레이트,1
소듐코코일이세티오네이트,1
가르시니아열매추출물,1
블랙체리열매추출물,1
바다포도추출물,1
스위트아몬드추출물,1
폴리글리세릴-5폴리리시놀리에이트,1
다이메틸설폰,1
병풀캘러스세포외소포,1
코코-글루코사이드,1
하이드롤라이즈드밀단백질,1
합성왁스,1
세틸에 틸헥사노에이트,1
글루카민,1
갈바눔수지오일,1
시트로넬라오일,1
C12-16알코올,1
소두구씨오일,1
마테잎추출물,1
트라이에틸시트레이트,1
옥탄다이올,1
서양벌노랑이씨추출물,1
알로에베라잎폴리사카라이드,1
토코트라이엔올,1
식물성오일,1
소듐폴리글루타메이트,1
돌콩싹추출물,1
"시트릭애씨드','소듐디엔에이'",1
"베타-카로틴','알로에베라잎수'",1
아마씨추출물,1
히솝추출물,1
청각추출물,1
오르니틴,1
아이소부틸아미도티아졸릴레조시놀,1
알에이치-올리고펩타이드-1,1
청색1호,1
"글리세린', '부틸렌글라이콜', '펜틸렌글라이콜', '아이소프로필미리스테이트', '피이지/피피지/폴리부틸렌글라이콜-8/5/3글리세린', '소듐하이드록사이드', '만노오스', '메틸다이하이드로자스모네이트', '아크릴레이트/C10-30알킬아크릴레이트크로스폴리머', '페녹시에탄올', '하이드로제네이티드레시틴', '알파-글루칸올리고사카라이드', '카프릴릴글라이콜', '폴리솔베이트20', '마데카소사이드', '스핑고모나스발효추출물', '시트릭애씨드', '야콘뿌리즙', '소듐메틸스테아로일타우레이트', '아세틸다이펩타이드-1세틸에스터', '소듐벤조에이트', '말토덱스트린', '징크글루코네이트', '망가니즈글루코네이트', '소듐하이알루로네이트', '엑토인', '단삼뿌리추출물', '살리실로일피토스핑고신', '락토바실러스', '트라이소듐에틸렌다이아민다이석시네이트', '비사보롤', '정제수'",1
세틸피이지/피피지-10/1다이메티콘,1
야콘뿌리즙,1
망가니즈글루코네이트,1
알파-글루칸올리고사카라이드,1
알루미늄하이드록사이드,1
카프릴로일글라이신,1
비트레오스실라발효물,1
개청각추출물,1
감태추출물,1
아세틸레이티드글라이콜스테아레이트,1
약모밀꽃/잎/줄기수,1
미로탐누스 플라벨리폴리아잎/줄기추출물,1
포도뿌리추출물,1
폴리글리세릴-4아이소스테아레이트,1
유채추출물,1
하이드로제네이티드쌀겨오일,1
흰버드나무잎추출물,1
폴리프로필실세스퀴옥세인,1
코코넛워터,1
매스틱검,1
피키아발효추출여과물,1
포스페이트버퍼드셀라인,1
아세틸올리고펩타이드-99아마이드,1
알에이치-폴리펩타이드-2,1
알에이치-폴리펩타이드-1,1
네오펜틸글라이콜다이헵타노에이트,1
물망초꽃/잎/줄기추출물,1
"글리세린’, '프로판다이올','나이아신아마이드’,'락틱애씨드','하이드록시에틸피페라진에탄설포닉애씨드','하이드록시아세토페논','소듐하이드록사이드','하이드록시프로필구아','살리실릭애씨드','파이틱애씨드'",1
글리세릴베헤네이트,1
오미자수,1
칼슘알지네이트,1
트라이플루오로아세틸트라이펩타이드-2,1
옐로우체이스트위드추출물,1
효모/헥사펩타이드-11발효여과추출물,1
확정세포배양액9,1
참깨오일,1
파스향나무잎추출물,1
4-부틸레조시놀,1
트로폴론,1
벤질알코올,1
C30-45알킬다이메티콘,1
미리스틸미리스테이트,1
피토스테릴/이소스테아릴/세틸/스테아릴/베헤닐다이머디리놀리에이트,1
트라이소듐포스페이트,1
C13-15알케인,1
레몬그라스잎오일,1
솔잣나무가지/잎오일,1
다시마즙,1
메틸메타크릴레이트크로스폴리머,1
시메티콘,1
락토바실러스/고추냉이뿌리발효추출물,1
락토바실러스/호밀가루발효물,1
시금치추출물,1
검은깨추출물,1
형개추출물,1
얼룩조릿대잎추출물,1
조류추출물,1
"알로에베라잎수','포타슘솔베이트'",1
크산토필,1
탄제린추출물,1
병풀잎수,1
후추열매오일,1
생강오일,1
육계잎오일,1
병풀꽃/잎/줄기추출물,1
동백나무꽃추출물,1
잣나무씨추출물,1
피이지/피피지-18/18다이메티콘,1
유제놀,1
폴리그릴세릴-10스테아레이트,1
니아울리나무잎오일,1
브로콜리추출물,1
아세로라추출물,1
도금양열매추출물,1
살비아오일,1
석류과피추출물,1
카바카바뿌리추출물,1
디스타치포스페이트,1
소듐올레오일하이알루로네이트,1
소듐스테아로일하이알루로네이트,1
소듐설페이티드하이알루로네이트,1
하이드롤라이즈드칼슘하이알루로네이트,1
스핑고리피드,1
트라이펩타이드-2,1
하이드롤라이즈드루핀단백질,1
덱스판테놀,1
폴록사머407,1
아연,1
자두추출물,1
살구추출물,1
도라지뿌리추출물,1
무추출물,1
락토바실러스/배즙발효여과물,1
세라마이드엔지,1
아이소스테아릭애씨드,1
타히티바닐라추출물,1
참오동나무잎추출물,1
메도우스위트추출물,1
생달나무잎추출물,1
녹나무잎추출물,1
월계수잎추출물,1
하이알루로닉애씨드/폴리아이소프로필아크릴아마이드코폴리머,1
산구절초추출물,1
고수추출물,1
후박나무가지추출물,1
카퍼설페이트,1
소듐만노오스포스페이트,1
바질오일,1
로얄젤리추출물,1
자작나무수액,1
가시대나무수액,1
님잎추출물,1
개똥쑥추출물,1
미역취추출물,1
락토바실러스/호박열매발효여과물,1
쿠티박테리움 그라눌로숨발효추출여과물,1
꽈리꽃받침추출물,1
흑효모발효물,1
인디고추출물,1
수박추출물,1
락토바실러스/인삼뿌리발효여과물,1
왕질경이씨추출물,1
락토바실러스/부레옥잠발효물,1
기장추출물,1
바질잎추출물,1
산뽕나무잎추출물,1
페퍼민트꽃/잎/줄기추출물,1
레몬밤추출물,1
레몬버베나잎추출물,1
표고버섯추출물,1
고구마뿌리추출물,1
해바라기씨추출물,1
잎새버섯자실체추출물,1
긴병꽃풀추출물,1
허브로버트추출물,1
쿠네아타산사열매추출물,1
귤껍질추출물,1
유자추출물,1
치커리뿌리추출물,1
모과추출물,1
결명씨추출물,1
동백나무잎추출물,1
순무잎추출물,1
양배추추출물,1
마늘추출물,1
으름덩굴추출물,1
개다래추출물,1
단풍나무잎추출물,1
효모/포도발효추출물,1
모나스커스/쌀발효물,1
펙틴,1
