ingredient,count
1,257
글리세린,255
2-헥산다이올,252
부틸렌글라이콜,241
정제수,225
에틸헥실글리세린,185
나이아신아마이드,166
판테놀,153
소듐하이알루로네이트,153
아데노신,149
하이드로제네이티드레시틴,149
트로메타민,144
프로판다이올,143
잔탄검,138
토코페롤,136
다이소듐이디티에이,131
카보머,131
다이프로필렌글라이콜,117
펜틸렌글라이콜,115
알란토인,114
베타인,97
카프릴릭/카프릭트라이글리세라이드,85
세라마이드엔피,85
알지닌,81
카프릴릴글라이콜,77
베타-글루칸,76
시트릭애씨드,76
아크릴레이트/C10-30알킬아크릴레이트크로스폴리머,71
메틸프로판다이올,67
하이드롤라이즈드하이알루로닉애씨드,65
폴리글리세릴-10라우레이트,63
하이알루로닉애씨드,63
스쿠알란,62
병풀추출물,55
덱스트린,54
트레할로오스,52
암모늄아크릴로일다이메틸타우레이트/브이피코폴리머,49
향료,48
다이포타슘글리시리제이트,47
소듐하이알루로네이트크로스폴리머,46
소듐시트레이트,46
콜레스테롤,44
마데카소사이드,44
인도멀구슬나무꽃추출물,43
인도멀구슬나무잎추출물,42
하이드록시아세토페논,40
아시아티코사이드,38
리모넨,36
소듐폴리아크릴레이트,35
참산호말추출물,35
소듐파이테이트,35
리날룰,35
울금뿌리추출물,34
글리세레스-26,34
스테아릭애씨드,34
글루타티온,33
프룩토올리고사카라이드,33
해바라기씨오일,33
소듐아세틸레이티드하이알루로네이트,33
아시아틱애씨드,33
홀리바질잎추출물,33
세테아릴알코올,32
마데카식애씨드,31
하이드록시프로필트라이모늄하이알루로네이트,31
락토바실러스발효물,31
글리세릴아크릴레이트/아크릴릭애씨드코폴리머,30
글루코오스,30
자일리톨,29
세린,29
폴리글리세릴-10올리에이트,28
하이드록시에틸셀룰로오스,28
제라니올,27
하이드롤라이즈드소듐하이알루로네이트,27
3-O-에틸아스코빅애씨드,26
글리세릴스테아레이트,26
다이메티콘,25
글루타믹애씨드,25
다이에톡시에틸석시네이트,25
시트로넬올,25
토코페릴아세테이트,24
폴리글리세릴-10스테아레이트,24
아이비고드열매추출물,23
황금추출물,23
글라이신,23
마카다미아씨오일,23
사이아노코발아민,23
스페인감초뿌리추출물,23
소듐폴리아크릴로일다이메틸타우레이트,22
메틸글루세스-20,22
변성알코올,22
폴리글리세린-3,22
아세틸헥사펩타이드-8,22
소듐디엔에이,22
포타슘하이알루로네이트,22
실리카,22
하이드록시에틸아크릴레이트/소듐아크릴로일다이메틸타우레이트코폴리머,22
글루코노락톤,22
시어버터,21
약모밀추출물,21
카프릴릴/카프릴글루코사이드,21
팔미토일트라이펩타이드-1,20
하이드롤라이즈드콜라겐,20
솔비탄아이소스테아레이트,20
페룰릭애씨드,20
카카오추출물,19
시트랄,19
카퍼트라이펩타이드-1,19
아스코빅애씨드,19
레시틴,19
가지열매추출물,19
옥틸도데칸올,19
호호바씨오일,19
폴리글리세릴-3메틸글루코오스다이스테아레이트,19
폴리아크릴레이트크로스폴리머-6,19
팔미토일테트라펩타이드-7,19
글리세릴카프릴레이트,18
라벤더오일,18
올리브오일,18
하이드로제네이티드폴리아이소부텐,18
녹차추출물,18
트라이에틸헥사노인,18
피브이엠/엠에이코폴리머,18
카페인,18
하이드롤라이즈드글라이코사미노글리칸,17
돌콩오일,17
팔미틱애씨드,17
2,17
000ppm),17
프룩토오스,17
클로렐라 불가리스추출물,17
팔미토일트라이펩타이드-5,17
히스티딘,17
소듐스테아로일글루타메이트,16
세테아릴올리베이트,16
프롤린,16
살리실릭애씨드,16
세틸에틸헥사노에이트,16
팔미토일펜타펩타이드-4,16
폴리솔베이트20,16
만니톨,16
솔비탄올리베이트,16
병풀잎추출물,16
베르가모트오일,16
락틱애씨드,15
폴리쿼터늄-51,15
메틸트라이메티콘,15
다이소듐포스페이트,15
벤질글라이콜,15
베헤닐알코올,15
바이오사카라이드검-1,15
소듐아스코빌포스페이트,15
아이소펜틸다이올,15
소듐클로라이드,15
락토바실러스/콩발효추출물,15
알라닌,15
아이리쉬모스추출물,15
치자추출물,14
아스파틱애씨드,14
폴리메틸실세스퀴옥세인,14
말토덱스트린,14
트레오닌,14
바이오틴,14
엑토인,14
하이드롤라이즈드엘라스틴,14
잇꽃꽃추출물,14
카카오씨추출물,14
데실글루코사이드,14
글리세릴글루코사이드,14
징크피씨에이,14
솔비톨,13
풀루란,13
폴리글루타믹애씨드,13
글리세릴폴리메타크릴레이트,13
발린,13
셀룰로오스검,13
아이소류신,13
피토스핑고신,13
페닐알라닌,13
메티오닌,13
트라이소듐이디티에이,13
라이신,13
락토바실러스발효용해물,13
아라키딜글루코사이드,13
센티드제라늄꽃오일,13
다마스크장미꽃수,13
트라넥사믹애씨드,13
로즈마리잎오일,13
류신,13
자일리틸글루코사이드,13
3-부탄다이올,13
옥틸도데세스-16,12
무화과추출물,12
피토스테롤,12
모란뿌리추출물,12
시스테인,12
멕시칸주니퍼오일,12
유채스테롤,12
소듐락테이트,12
흰버드나무껍질추출물,12
타이로신,12
쇠비름추출물,12
하이드로제네이티드폴리데센,12
카프릴로일살리실릭애씨드,12
알파-알부틴,12
비닐다이메티콘,12
다이페닐다이메티콘,12
트라이펩타이드-1,12
글라이코리피드,12
헥사펩타이드-9,11
덱스트란,11
아세틸글루코사민,11
글리세릴스테아레이트시트레이트,11
소듐하이드록사이드,11
사탕수수추출물,11
프로필렌글라이콜,11
하이드록시프로필사이클로덱스트린,11
안하이드로자일리톨,11
하이드록시에틸우레아,11
비사보롤,11
오렌지껍질오일,11
콜라겐,10
아이소프로필미리스테이트,10
소듐벤조에이트,10
폴리솔베이트60,10
솔비탄올리에이트,10
티옥틱애씨드,10
포타슘솔베이트,10
글라이코실트레할로오스,10
에탄올,10
비피다발효용해물,10
C12-13알케스-9,10
쑥잎추출물,10
알부틴,10
C14-22알코올,10
000 ppm),10
다시마추출물,10
마트리카리아꽃추출물,9
수용성콜라겐,9
레스베라트롤,9
에톡시다이글라이콜,9
베타-카로틴,9
에스에이치-올리고펩타이드-1,9
젤란검,9
소듐메타포스페이트,9
한련초잎추출물,9
판토테닉애씨드,9
류코노스톡/무발효여과물,9
아스코빌글루코사이드,9
아이소노닐아이소노나노에이트,9
노나펩타이드-1,9
피이지-100스테아레이트,9
말라카이트추출물,9
소듐아크릴레이트/소듐아크릴로일다이메틸타우레이트코폴리머,9
백미꽃추출물,9
포트마리골드꽃추출물,9
소듐글루코네이트,9
당느릅나무뿌리추출물,9
C12-14알케스-12,9
당근추출물,9
하이드로제네이티드스타치하이드롤리세이트,9
알로에베라꽃추출물,9
폴리아이소부텐,9
에틸헥실팔미테이트,9
폴리글리세릴-2다이폴리하이드록시스테아레이트,9
에리스리톨,8
스핑고모나스발효추출물,8
에스에이치-폴리펩타이드-1,8
피이지-40하이드로제네이티드캐스터오일,8
아라키딜알코올,8
다마스크장미꽃오일,8
폴리글리세릴-6라우레이트,8
글라이콜릭애씨드,8
비타민나무열매추출물,8
세라마이드이오피,8
지모뿌리추출물,8
메도우폼씨오일,8
페닐트라이메티콘,8
올레익애씨드,8
포타슘포스페이트,8
소듐피씨에이,8
세라마이드에이피,8
참마뿌리추출물,8
수크로오스스테아레이트,8
사카라이드아이소머레이트,8
밤껍질추출물,8
황련뿌리추출물,8
띠뿌리추출물,8
다이메틸아이소소바이드,8
니코틴아마이드아데닌다이뉴클레오타이드,8
피피지-13-데실테트라데세스-24,7
포타슘하이드록사이드,7
효모발효여과물,7
아가,7
호장근뿌리추출물,7
비에이치티,7
다이메틸실란올하이알루로네이트,7
암모늄폴리아크릴로일다이메틸타우레이트,7
페녹시에탄올,7
로즈마리잎추출물,7
사과추출물,7
석시닉애씨드,7
캐모마일꽃오일,7
도둑놈의지팡이뿌리추출물,7
다이메티콘올,7
세라마이드엔에스,7
칡뿌리추출물,7
티트리잎추출물,7
수크로오스,7
유비퀴논,7
드럼스틱씨오일,7
수크로오스팔미테이트,7
다이펩타이드다이아미노부티로일벤질아마이드다이아세테이트,7
소듐포스페이트,7
마그네슘클로라이드,7
테트라데실아미노부티로일발릴아미노부티릭우레아트라이플루오로아세테이트,7
하이드로제네이티드폴리(C6-14올레핀),7
피이지-30다이폴리하이드록시스테아레이트,7
포스파티딜콜린,6
세라마이드에이에스,6
메틸다이아이소프로필프로피온아마이드,6
바쿠치올,6
포타슘세틸포스페이트,6
폴리글리세릴-3다이아이소스테아레이트,6
피토스테릴/베헤닐/옥틸도데실라우로일글루타메이트,6
에틸헥실글리세린*,6
효모/감자추출물발효여과물,6
카르니틴,6
비스-피이지-18메틸에터다이메틸실레인,6
소듐헤파린,6
포타슘클로라이드,6
아세틸테트라펩타이드-2,6
4-터피네올,6
아세틸테트라펩타이드-5,6
콜라겐추출물,6
커피콩추출물,6
아세틸테트라펩타이드-3,6
칼슘클로라이드,6
붉은토끼풀꽃추출물,6
카프릴릴메티콘,6
아데노신트라이포스페이트,6
바오밥나무씨오일,6
편백잎추출물,6
인삼추출물,6
하이드롤라이즈드디엔에이,6
한련초추출물,6
수크로오스다이스테아레이트,6
프룩탄,6
타임잎추출물*,6
마이카,6
작약뿌리추출물,6
팔미토일헥사펩타이드-12,6
글라이코스핑고리피드,6
스피어민트추출물,6
접시꽃추출물,6
다이메티콘/비닐다이메티콘크로스폴리머,6
펜타에리스리틸테트라에틸헥사노에이트,6
카르노신,6
비파나무잎추출물,6
베타-시토스테롤,6
C12-20알킬글루코사이드,6
달맞이꽃꽃추출물,6
미리스틸글루코사이드,6
라우릴글루코사이드,6
효모/보리씨발효여과물,6
적색산화철,6
클레리오일,6
알로에베라잎즙,5
로우스위트블루베리추출물,5
다이펩타이드-4,5
옥수수전분,5
비니거,5
아모다이메티콘,5
티트리잎오일,5
소듐다이라우미도글루타미드라이신,5
우레아,5
녹차씨오일,5
산양삼추출물,5
불가리스쑥오일,5
이눌린라우릴카바메이트,5
에스에이치-옥타펩타이드-4,5
버지니아풍년화추출물,5
올리고펩타이드-1,5
센티드제라늄꽃오일+,5
오일팜오일,5
홍삼추출물,5
다이부틸아디페이트,5
아세틸다이펩타이드-1세틸에스터,5
티아민에이치씨엘,5
레몬밤꽃/잎/줄기수*,5
로즈마리잎수*,5
오렌지껍질오일+,5
라임전초오일+,5
흰목이버섯추출물,5
에스에이치-데카펩타이드-7,5
아세틸테트라펩타이드-11,5
유칼립투스잎추출물*,5
로즈마리잎오일+,5
폴스애플민트잎추출물*,5
로즈힙열매추출물*,5
폴리글리세릴-10미리스테이트,5
글리세릴스테아레이트에스이,5
팔미토일트라이펩타이드-8,5
에스에이치-올리고펩타이드-2,5
니코틴아마이드모노뉴클레오타이드,5
소듐하이알루로네이트(1,5
폴리글루쿠로닉애씨드,5
라임전초오일,5
퀸즈랜드넛오일,5
에스에이치-폴리펩타이드-22,5
고삼뿌리추출물,5
락토코쿠스발효용해물,5
소듐하이알루로네이트다이메틸실란올,5
칸디다 봄비콜라/글루코오스/메틸레이프씨데이트발효물,5
마그네슘아스코빌포스페이트,5
글리세릴올리에이트,5
에스에이치-폴리펩타이드-3,5
폴리글리세릴-3다이스테아레이트,5
타우린,5
아라비아고무나무검,5
레티놀,5
코코-카프릴레이트/카프레이트,5
낫토검,5
폴리글리세릴-4카프레이트,5
하이드롤라이즈드해면,5
다이글리세린,5
아세틸옥타펩타이드-3,5
솔비탄세스퀴올리에이트,5
다이펩타이드-2,5
헥실데칸올,5
사과씨추출물,5
하수오뿌리추출물,5
대왕소나무잎추출물,5
감나무잎추출물,5
광곽향오일,5
2-헥산다이올*,5
석류추출물,5
아스타잔틴,5
리놀레익애씨드,5
트라이소듐에틸렌다이아민다이석시네이트,5
별꽃추출물,5
아스코빌팔미테이트,5
다이카프릴릴카보네이트,5
셀룰로오스,5
베타인살리실레이트,5
데이지꽃추출물,5
레몬밤잎추출물,5
솔비탄스테아레이트,4
글라이코사미노글리칸,4
리놀레닉애씨드,4
카라멜,4
포도씨추출물,4
구아이아줄렌,4
탄닉애씨드,4
피씨에이,4
잇꽃씨오일,4
효모발효추출물,4
아세틸테트라펩타이드-9,4
바실러스발효물,4
하이드롤라이즈드익스텐신,4
서양송악잎/줄기추출물,4
드럼스틱씨추출물,4
인디안구스베리열매추출물,4
녹차수,4
t-부틸알코올,4
미리스틱애씨드,4
이눌린,4
니코티노일트라이펩타이드-1,4
쌀발효여과물,4
멜라토닌,4
라즈베리케톤,4
소엽맥문동뿌리추출물,4
레티닐팔미테이트,4
아크릴레이트/암모늄메타크릴레이트코폴리머,4
유칼립투스잎오일,4
발삼아미리스껍질오일,4
시트로넬올※,4
엘라스틴,4
캐모마일꽃추출물,4
포도씨오일,4
부틸렌글라이콜*,4
감초뿌리추출물,4
레몬껍질오일,4
만노오스,4
벤질벤조에이트,4
마그네슘설페이트,4
하이드롤라이즈드식물성단백질,4
다마스크장미꽃오일(불가리아 공인),4
사과세포배양추출물,4
포도추출물,4
하이드록시프로필비스팔미타마이드엠이에이,4
육계나무껍질추출물,4
하이드록시데실유비퀴논,4
전호추출물,4
라우릭애씨드,4
효모/마그네슘발효물,4
글루코실루틴,4
오카무라큰실말추출물,4
베르가모트잎추출물,4
피리독신,4
알로에베라잎추출물,4
폴릭애씨드,4
카라기난,4
지황뿌리추출물,4
소듐트라이메타포스페이트,4
효모/철발효물,4
귀리커넬추출물,4
피브이피,4
바이오티노일트라이펩타이드-1,4
하이드록시피나콜론레티노에이트,4
티타늄디옥사이드,4
소듐팔미토일사코시네이트,4
아세틸글루타민,4
글루타민,4
아스파라진,4
트립토판,4
000ppb),4
페네틸알코올,4
수용성프로테오글리칸,4
헥사펩타이드-11,4
600ppm),4
동충하초추출물,4
수크로오스라우레이트,4
프로폴리스추출물,4
꿀추출물,4
하이드록시페닐프로파미도벤조익애씨드,4
소듐디엔에이(0.5ppm),4
티트리추출물,4
밀리타리스동충하초추출물,4
각시둥굴레뿌리줄기/뿌리추출물,4
소듐메틸스테아로일타우레이트,4
소듐메타바이설파이트,4
검은뽕나무열매추출물,4
헥실렌글라이콜,4
식물성스쿠알란,4
효모/실리콘발효물,4
스타아니스추출물,4
효모/아연발효물,4
효모/구리발효물,4
리솔레시틴,4
알진,4
산수유열매추출물,3
소듐바이카보네이트,3
베헤닉애씨드,3
에칠헥실트리아존,3
피이지-10피토스테롤,3
삽주뿌리줄기추출물,3
타임추출물*,3
달맞이꽃오일,3
알지닌*,3
라미나리아 오크롤레우카추출물,3
3-헥센올,3
4-다이메틸-3-사이클로헥신카복스알데하이드,3
헥세닐아세테이트,3
메틸렌다이옥시페닐메틸프로판알,3
헥사펩타이드-12,3
유칼립톨,3
이노시톨,3
에틸리날룰,3
팔미토일트라이펩타이드-38,3
쿠푸아수씨버터,3
하이드록시에틸피페라진에탄설포닉애씨드,3
미리스토일펜타펩타이드-17,3
호박가루,3
스피어민트잎오일,3
만델릭애씨드,3
클로헥시딘디글루코네이트,3
스테아레스-20,3
니코티노일다이펩타이드-23,3
나이아신아마이드(5%),3
복사나무꽃추출물,3
더덕뿌리추출물,3
카바카바잎/뿌리/줄기추출물,3
하이드로제네이티드식물성오일,3
미리스토일펜타펩타이드-4,3
라피노오스,3
키토산,3
화이트루핀씨추출물,3
초피나무열매추출물,3
헤스페리딘메틸칼콘,3
플로레틴,3
라이소레시틴,3
리날릴아세테이트,3
참당귀뿌리추출물*,3
에스알-(올리고펩타이드-91클로스트리듐보툴리눔폴리펩타이드-1),3
아틀라스시다나무껍질오일,3
대추추출물,3
C12-14파레스-12,3
에스에이치-폴리펩타이드-16,3
에스에이치-폴리펩타이드-11,3
에스에이치-폴리펩타이드-9,3
자몽껍질오일,3
영지버섯추출물*,3
클로페네신,3
알지닌/라이신폴리펩타이드,3
폴리글리세릴-4올리에이트,3
합성플루오르플로고파이트,3
아세틸헥사펩타이드-1,3
트라이펩타이드-32,3
트라이펩타이드-10시트룰린,3
효모추출물,3
글라이코프로테인*,3
하이드롤라이즈드옥수수전분,3
칼슘판토테네이트,3
천문동뿌리추출물*,3
코질메틸렌다이옥시신나메이트,3
하이드로제네이티드포스파티딜콜린,3
다마스크장미꽃추출물,3
메틸다이하이드로자스모네이트,3
글루타믹애씨드*,3
나이아신아마이드(50,3
산수유열매추출물*,3
폴리글리세릴-4라우레이트,3
소듐서팩틴,3
스클레로튬검,3
2-t-부틸사이클로헥실아세테이트,3
에틸렌브라실레이트,3
비치스트로베리추출물,3
벤질살리실레이트,3
옥수수커넬추출물,3
호동씨오일,3
테레프탈릴리덴디캠퍼설포닉애씨드,3
틴옥사이드,3
지치뿌리추출물,3
폴리글리세릴-10다이아이소스테아레이트,3
판토락톤,3
헵타소듐헥사카복시메틸다이펩타이드-12,3
소나무잎추출물,3
소듐올리에이트,3
캐스터오일/아이피디아이코폴리머,3
겨우살이추출물,3
포도세포추출물,3
헤스페리딘,3
트라이펩타이드-3,3
피이지/피피지/폴리부틸렌글라이콜-8/5/3글리세린,3
마이크로크리스탈린셀룰로오스,3
트록세루틴,3
티몰트라이메톡시신나메이트,3
트라이데세스-6,3
폴리메틸메타크릴레이트,3
솔비탄라우레이트,3
리보플라빈,3
메나다이온,3
영지버섯추출물,3
석시노글리칸,3
피이지-7글리세릴코코에이트,3
일랑일랑꽃오일,3
에스에이치-펜타펩타이드-19,3
유칼립투스잎추출물,3
호호바왁스피이지-120에스터,3
병풀뿌리추출물,3
콜레스-24,3
에피갈로카테킨갈레이트,3
알파-비사보롤,3
피이지/피피지-17/6코폴리머,3
에스에이치-올리고펩타이드-9,3
올레아놀릭애씨드,3
람노오스,3
효모폴리펩타이드,3
소듐아크릴릭애씨드/엠에이코폴리머,3
글리시레티닉애씨드,3
폴리우레탄-15,3
편백수,3
올리브나무잎추출물,3
폴리아크릴레이트-13,3
글리세릴폴리아크릴레이트,3
삼백초추출물,3
징크옥사이드,3
인삼열매추출물,3
피이지-6,3
비피다발효여과물,3
피이지-60 하이드로제네이티드캐스터오일,3
아스코빅애씨드폴리펩타이드,3
케이프알로에잎추출물,3
카카두플럼추출물,3
트라이아이소스테아린,3
수련추출물,3
연필향나무오일,3
아르간커넬오일,3
제로틴/하이드롤라이즈드디엔에이,3
티타늄디옥사이드 (CI 77891),3
서양배추출물,3
아스코빌테트라이소팔미테이트,3
올리고펩타이드-2,3
마그네슘글루코네이트,2
드로메트리졸트리실록산,2
해마토코쿠스 플루비알리스오일,2
라이신에이치씨엘,2
카페오일트라이펩타이드-1,2
암모늄아크릴로일다이메틸타우레이트/브이피코폴 리머,2
다이에틸헥실석시네이트,2
폴리쿼터늄-7,2
붉나무충영추출물,2
하이드록시프로필트라이모늄하이알루로네이트(0.001%),2
트라이데세스-10,2
글라이콜다이스테아레이트,2
하이드레이티드실리카,2
아티초크잎추출물,2
디에칠아미노하이드록시벤조일헥실벤조에이트,2
"""정제수",2
크레아틴,2
하이드롤라이즈드소듐하이알루로네이트(0.001%),2
다이메티콘크로스폴리머,2
황해쑥잎수(10,2
버지니아풍년화잎수,2
소듐아크릴레이트크로스폴리머-2,2
옥타펩타이드-7,2
올리고펩타이드-3,2
에스에이치-데카펩타이드-9,2
펜타펩타이드-18,2
비스-에톡시다이글라이콜사이클로헥산1,2
폴리락틱애씨드,2
펜타펩타이드-3,2
폴리글리세릴-10아이소스테아레이트,2
세테아릴글루코사이드,2
다이펩타이드-15,2
코질카복시다이펩타이드-23,2
소듐아세틸레이티드하이알루로네이트(0.001%),2
칼슘글루코네이트,2
아세틸헥사펩타이드-8(5 ppm),2
카퍼트라이펩타이드-1(5 ppm),2
000ppm,2
진흙버섯추출물,2
049ppm),2
에스에이치-폴리펩타이드-121(1.98 ppm),2
글라이코프로테인,2
우릭애씨드,2
동백나무씨오일,2
갈로일펜타펩타이드-33,2
카페오일에스에이치-옥타펩타이드-4,2
다이펩타이드다이아미노부티로일벤질아마이드다이아세테이트(0.3 ppm),2
폴리실리콘-11,2
올리고펩타이드-68(0.095 ppm),2
팔미토일트라이펩타이드-8(0.02ppm),2
포타슘코코일글리시네이트,2
554 ppm),2
레틴알,2
포타슘마그네슘아스파테이트,2
하이알루로닉애씨드(0.001%),2
트라이프로필렌글라이콜,2
하이드록시프로필스타치포스페이트,2
포타슘크로라이드,2
사코신,2
더위지기추출물,2
냉초추출물,2
버지니아풍년화수,2
다이펜타에리스리틸헥사C5-9애씨드에스터,2
락토바실러스,2
사이클로덱스트린,2
멕시칸치아씨추출물,2
효모/겨우살이발효추출물,2
양까막까치밥나무열매추출물,2
효모/띠뿌리발효추출물,2
"토코페롤""",2
펜타에리스리틸테트라-다이-t-부틸하이드록시하이드로신나메이트,2
크랜베리추출물,2
징크글루코네이트,2
000 ppb),2
왕귤껍질오일,2
글리세레스-20,2
참당귀뿌리추출물,2
밤부사 불가리스수,2
글리세릴아라키도네이트,2
글리세릴리놀리네이트,2
4-터피네올(109.3 ppm),2
천문동뿌리추출물,2
하이드록시프로필구아,2
실버위드추출물,2
흰서양송로추출물,2
티타늄디옥사이드(CI 77891),2
하이드록시프로필메틸셀룰로오스,2
트루로즈오브예리코추출물,2
헥사펩타이드-2,2
카프릴로일다이펩타이드-17,2
피이지-10레이프씨드스테롤,2
녹차수(9.98906 %),2
빌베리열매추출물,2
소듐하이알루로네이트(1.5 ppm),2
나이아신아마이드(30,2
당호박추출물,2
라벤더꽃추출물,2
하이드롤라이즈드하이알루로닉애씨드(30 ppm),2
글리세릴리놀리에이트,2
쌀겨오일,2
판테놀(2.7%),2
자일로오스,2
살비아추출물,2
피피지-13 -데실테트라데세스-24,2
하이드록시메톡시페닐데카논,2
하이드롤라이즈드하이알루로닉애씨드(0.01%),2
소듐글리세로포스페이트,2
소듐콘드로이틴설페이트,2
트라이데케인,2
운데케인,2
에칠아스코빌에텔(3-O-에틸아스코빅애씨드)(1.8%),2
니코틴아마이드모노뉴클레오이드,2
암모늄아크릴로일다이메틸타우레이트/베헤네스-25메타크라일레이트 크로스폴리머,2
소듐하이알루로네이트(500.1 ppm),2
리날룰 *표시: belif original formula +표시: 식물 유래 향,2
필리핀오렌지껍질오일,2
라즈베리추출물,2
프랑스해안송껍질추출물(0.1 ppm),2
팔미토일다이펩타이드-5다이아미노부틸로일하이드록시트레오닌,2
캐롭검,2
판테놀(5,2
토마토추출물,2
바오밥나무씨추출물,2
하이드롤 라이즈드치자추출물,2
토마추출물,2
아스코빅애씨드(5.5%),2
하이알루로닉 애씨드(100 ppm),2
쌀추출물,2
소듐메타 포스페이트,2
카퍼글루코네이트,2
에틸헥실 글리세린,2
에난티아 클로란타껍질추출물,2
타임추출물,2
다발방패버섯추출물,2
4-다이카복실레이트,2
연어알추출물,2
아시아틱애씨드(0.00003 ppm),2
2-헥산다이올@다이에톡시에틸석시네이트@글리세릴폴리메타크릴레이트@폴리아크릴레이트크로스폴리머-6@만니톨@에틸헥실글리세린@아데노신@소듐시트레이트@덱스트린@카카오추출물@시트릭애씨드@다이소듐이디티에이@T-부틸알코올@알지닌@사이클로덱스트린@하이드록시프로필사이클로덱스트린@말토덱스트린@잔탄검@베타-글루칸@아세틸테트라펩타이드-11@토코페롤,2
락토바실러스발효용해물(바이오-피디알엔TM)@정제수@프로판다이올@글리세린@나이아신아마이드@부틸렌글라이콜@카페인@다이프로필렌글라이콜@1,2
포트마리골드꽃추출물+,2
하이드롤라이즈드호호바에스터,2
귀리커넬추출물+,2
꿀추출물(900ppb),2
마데카소사이드(20ppm),2
마누카잎추출물(20ppm),2
병풀추출물(744ppm),2
바위손추출물*,2
피이지-8,2
폴리솔베이트80,2
마트리카리아꽃/잎추출물,2
사발팜열매추출물,2
로즈마리추출물,2
아라키딕애씨드,2
브로멜라인,2
서인도체리열매추출물,2
다이소듐스테아로일글루타메이트,2
사카라이드하이드롤리세이트,2
유용성감초추출물,2
세테아레스-20,2
서양산딸기잎추출물,2
마데카식애씨드(0.00004 ppm),2
개박하추출물+,2
오리스뿌리추출물,2
갈락토미세스발효여과물,2
사이클로펜타실록세인,2
레이디스맨틀잎추출물**,2
카프릴릴/카프릭트라이글리세라이드,2
소듐카보머,2
별꽃추출물+,2
사포닌,2
포도주추출물,2
라우릴다이메티콘/폴리글리세린-3크로스폴리머,2
포스포리피드,2
와일드인디고뿌리추출물+,2
소듐아크릴레이트/비닐알코올코폴리머,2
C18-21알케인,2
마데카소사이드(540 ppm),2
페퍼민트잎추출물,2
병풀추출물(51 ppm),2
병풀잎추출물(21 ppm),2
라즈베리잎추출물+,2
제라니올※ ※식물유래 에센셜오일 자체에 원래 포함된 성분,2
염소유추출물,2
실크추출물,2
알테로모나스발효추출물,2
멜론추출물,2
피이지-90,2
수용성엘라스틴,2
녹차씨추출물,2
펜타에리스리틸테트라아이소스테아레이트,2
티트리잎수,2
오크라열매추출물**,2
연꽃뿌리추출물**,2
신선초추출물**,2
몰로키아잎추출물**,2
티트리꽃/잎/줄기추출물,2
구아검,2
해수,2
양파추출물(1,2
250 ppm),2
돌콩펩타이드,2
프로필렌글라이콜알지네이트,2
피피지-26-부테스-26,2
세트리모늄브로마이드,2
벤조트라이아졸릴도데실p-크레솔,2
하이드롤라이즈드치자추출물,2
하이드롤라이즈드맥아추출물,2
하이드롤라이즈드삼색제비꽃추출물,2
아이리쉬모스가루,2
글리세레스-25피씨에이아이소스테아레이트,2
다이프로필렌글라이콜*,2
바실러스/폴릭애씨드/돌콩발효추출물,2
금,2
벤조익애씨드,2
참마뿌리추출물**,2
아시아티코사이드*(4,2
레티놀(500IU/g),2
800ppm),2
스테아릴글리시레티네이트,2
완두콩펩타이드,2
마트리카리아추출물,2
보리지씨오일,2
버지니아풍년화잎추출물,2
프로폴리스추출물(1932ppm),2
워터민트추출물,2
미나리추출물,2
베티버뿌리오일,2
돌콩배아추출물,2
다이에틸헥실시링질리덴말로네이트,2
다이하이드로미리세틴(0.15%),2
소듐하이알루로네이트(0.235%),2
소듐하이알루로네이트(100ppm),2
보론나이트라이드,2
라우로일라이신,2
다이스타치포스페이트,2
프로필헵틸카프릴레이트,2
트라이하이드록시스테아린,2
피마자씨오일,2
징크피씨에이(1ppm),2
아시아틱애씨드*(3,2
마데카식애씨드*(3,2
아이소헥사데칸,2
아시아티코사이드(39 ppm),2
삼색제비꽃추출물**,2
하이드롤라이즈드소듐하이알루로네이 트(30ppm),2
폴리글리세릴-6카프릴레이트,2
올리고펩타이드-29,2
올리고펩타이드-32,2
식물성스쿠알란(1ppm),2
하이드록시프로필트라이모늄하이알루로네이트 (30ppm),2
에스에이치-폴리펩타이드-62,2
포타슘하이알루로네이트(30ppm),2
세틸알코올,2
매실추출물,2
호두추출물,2
연꽃추출물,2
둥굴레뿌리줄기추출물,2
다마스크장미꽃추출물**,2
꿀,2
소듐하이알루 로네이트크로스폴리머(30ppm),2
하이드롤라이즈드알진,2
에델바이스캘러스배양추출물,2
포도덩굴수액,2
소듐아세틸레이티드하이알 루로네이트(1ppm),2
++표시: 식물 유래 향),2
하늘타리뿌리추출물,2
실리카다이메틸실릴레이트,2
쿼세틴,2
트라이펩타이드-29,2
양파추출물,2
니코틴아마이드모노뉴클레오타이드(10,2
하이알 루로닉애씨드(30ppm),2
아세틸펜타펩타이드-1,2
알라닌/히스티딘/라이신폴리펩타이드카퍼에이치씨엘,2
미리스토일헥사펩타이드-16,2
노나펩타이드-7,2
왜당귀뿌리추출물,2
질경이추출물,2
복숭아씨추출물,2
오레가노잎추출물,2
소르빅애씨드,2
니코티노일트라이펩타이드-35,2
니코티노일다이펩타이드-26,2
콥티스뿌리추출물,2
옥타펩타이드-2,2
펜타펩타이드-13,2
팔미토일테트라펩타이드-10,2
에칠아스코빌에텔,2
소듐하이알루로 네이트(800ppm),2
팔미토일트라이펩타이드-29,2
테트라펩타이드-44,2
풀러린,2
테트라펩타이드-30,2
소듐디엔에이(100ppm),2
판테놀(11,2
토마토수(680,2
마돈나백합비늘줄기추출물,2
오이열매추출물,2
+표시: Napiers original formula,2
서양톱풀추출물,2
멕시칸치아씨오일,2
편백오일,2
015 ppm),2
아시아티코사이드(0.082 ppm),2
마데카식애씨드(0.068 ppm),2
리날룰 (*표시: 부활초 추출물,2
센티드제라늄꽃오일++,2
아시아틱애씨드(0.05 ppm),2
라반딘오일,2
복숭아수(70%),2
로즈마리잎오일++,2
라임전초오일++,2
토마토추출물(200 ppm),2
아미노메틸프로판다이올,2
제비꽃꽃추출물,2
오렌지껍질오일++,2
마시멜로뿌리추출물**,2
세틸포스페이트,2
무수자일리톨,2
세라마이드1,2
세라마이드2,2
세라마이드3,2
약모밀추출물(8,2
연교추출물,2
**표시: Napiers moisture formula,2
에스에이치-올리 고펩타이드-1,2
토마토즙(0.1 ppm),2
멘톡시프로판다이올,2
파네솔,2
마트리카리아꽃수,2
겔리듐 카르틸라기네움추출물,2
아스코빅애씨드(1,2
토마토열매/잎/줄기추출물(0.1 ppm),2
포트마리골드추출물,2
향부자추출물,2
라이코펜,2
피브로넥틴,2
톳추출물,2
나이아신아마이드(10%),2
로우스 위트블루베리추출물,2
솔비탄세스퀴올리에이 트,2
클로페네 신,2
메도우스위트꽃추출물**,2
하이드록시프롤린,2
효모발효물,2
토코페롤(2ppm),1
하이드롤라이즈드콩단백질,1
복령균핵추출물,1
올리고펩타이드-4,1
아시아티코사이드*,1
크산토필,1
마데카식애씨드*,1
하이드롤라이즈드하이알루로닉애씨드(25ppm),1
하이알루로닉애씨드(25ppm),1
병풀잎수,1
025ppm),1
250ppm),1
3-O-에틸아스코빅애씨드(107ppm),1
효모/헥사펩타이드-11발효여과추출물,1
벤질알코올,1
비타민나무수,1
타임잎추출물,1
4-부틸레조시놀,1
파스향나무잎추출물,1
[본품] 정제수,1
소나무잎추출물 [증정] 정제수,1
참깨오일,1
확정세포배양액9,1
비피다발효용해물(12.5%),1
락토바실러스발효용해물(12.5%),1
예덕나무피추출물,1
862ppm),1
옐로우체이스트위드추출물,1
트라이플루오로아세틸트라이펩타이드-2,1
칼슘알지네이트,1
펩타이드201.1ppm,1
폴스애플민트잎추출물,1
오미자수,1
비타민나무수(733,1
630ppm),1
비타민나무열매추출물(3,1
히스티딘에이치씨엘,1
시스틴,1
아시아틱애씨드*,1
판테놀. 1,1
폴록사머407,1
소듐하이알루로네이트크로스폴리머(0.1ppm),1
베르가못잎추출물,1
아이슬란드이끼추출물,1
하이드록시피나콜론레티노에이트(1,1
육두구커넬오일,1
수국잎추출물,1
다이포타슘포스페이트,1
하이드록시시트로넬알,1
피이지/피피지-18/18다이메티콘,1
유제놀,1
니아울리나무잎오일,1
브로콜리추출물,1
몰로키아잎추출물,1
아세로라추출물,1
도금양열매추출물,1
살비아오일,1
바나나추출물,1
코코넛야자오일,1
살비아잎추출물,1
치자나무꽃추출물,1
잔탄검 [마스크팩] 정제수,1
[세럼] 빙하수,1
아이소도데케인,1
비타민나무추출물,1
500ppb),1
뽕나무뿌리추출물,1
하이드롤라이즈드하이 알루로닉애씨드,1
세라 마이드엔피,1
소듐하이알루로네이트크로스 폴리머,1
하이드록시프로필트라이모늄 하이알루로네이트,1
뽕나무열매추출물(242,1
사탕무뿌리추출물,1
정제수 변성알코올 글리세린 프로판다이올 나이아신아마이드 락틱애씨드 하이드록시에틸피페라진에탄설포닉애씨드 하이드록시아세토페논 소듐하이드록사이드 하이드록시프로필구아 살리실릭애씨드 파이틱애씨드,1
옥수수잎추출물,1
아크 릴레이트/C10-30알킬아크릴레이트크로스폴리머,1
폴리글리세 릴-10라우레이트,1
콩폴리펩타이드,1
징크클로라이드,1
초피나무열매오일,1
밤보늬추출물(81%),1
블래더랙추출물,1
꿀풀추출물,1
목서꽃추출물,1
[본품 - 펩타이드 퍼밍 세럼] 정제수,1
석류과피추출물,1
생강추출물,1
하이드롤라이즈드루핀단백질,1
에스에이치-폴리펩타이드-19,1
팔미토일펜타펩타이드-5,1
에스에이치-폴리펩타이드-123,1
카페오일헥사펩타이드-65,1
에스에이치-폴리펩타이드-121,1
소듐글루타메이트,1
방풍뿌리추출물,1
실크수,1
하이드롤라이즈드칼슘하이알루로네이트,1
덱스판테놀,1
포타슘아스파테이트,1
비오틴/폴릭애씨드/시아노코바라민/니아신아마이드/판토테닉애씨드/피리독신/리보플라빈/티아민/효모폴리펩테이드,1
알파-알부틴(5,1
트라넥사믹애씨드(20,1
에톡시다이글라이콜* (Inteca*),1
해바라기씨오일*,1
칸디다 봄비콜라/글루코오스/메틸레이프씨데이트발효물*,1
트라이펩타이드-2,1
애기부들이삭추출물,1
카바카바뿌리추출물,1
리날룰 *표시: belif original formula +표시: 식물 유래 향 [증정 - 뉴메로 에센스] 정제수,1
디스타치포스페이트,1
레티놀(0.2%),1
소듐올레오일하이알루로네이트,1
소듐스테아로일하이알루로네이트,1
메틸글루코오스세스퀴스테아레이트,1
육두구추출물,1
펜타에리스리틸테트라-다이-T-부틸하이드록시하이드로신나메이트,1
아세틸헥사펩타이드-8(0.05ppm),1
윈터체리뿌리추출물,1
소듐설페이티드하이알루로네이트,1
프로폴리스추출물(1,1
932ppm),1
아스코빅애씨드(10,1
030ppb),1
토코페롤(258.5ppb),1
[본품 비첩 자생 에센스] 정제수,1
피이지-150,1
시로미열매즙,1
피리독신에이치씨엘,1
[세럼] 하이드롤라이즈드하이알루로닉애씨드(29,1
시트로넬올 [증정 공진향 탄력 에멀젼] 정제수*,1
폴리(트라이펩타이드-6),1
은행나무잎추출물,1
복사나무잎추출물,1
인동덩굴꽃추출물,1
스위트아몬드오일,1
팔리토일트라이펩타이드-5,1
소듐팔미토일프롤린,1
아세틸글루코사만,1
소이아이소플라본,1
c-PDRN),1
하이드롤라이즈드디엔에이(2,1
알바수련꽃추출물,1
콜레스테롤 [리쥬란 힐러 퍽펙트 힐링 브이 타이터] 정제수,1
[리쥬란 힐러 턴오버 앰플 듀얼 이펙트] 서양산딸기잎추출물,1
은행추출물,1
우유엑소좀,1
(4,1
000 ppm 함유,1
올레스-5,1
갈락토미세스발효여과물(56.78%),1
황색4호[ILN47580],1
적색504호,1
테트라소듐이디티에이,1
트라이에탄올아민,1
세테스-24,1
올레스-3,1
* 에스티로더 갈색병 : 정제수,1
올레스-3포스페이트,1
소듐알엔에이,1
판테틴,1
콜라나무씨추출물,1
트리펩타이드-32,1
피이지-75,1
프로폴리스추출물(1000ppm),1
적색산화철 *글루타치온좀(Glutathiosome) : 식물 유래 이중 지질막 전달체에 글루타치온을 담지하여 만든 복합체 50,1
디메치콘,1
콜라겐아미노산(0.5ppm),1
C9-12알케인,1
요엽후박나무껍질추출물,1
연꽃캘러스배양추출물,1
미리스틸미리스테이트,1
아텔로콜라겐(0.3ppb),1
콜라겐(0.4ppm),1
소듐살리실레이트,1
폴리글리세릴-6올리에이트,1
라벤더꽃수,1
설탕단풍추출물,1
오렌지추출물,1
레몬추출물,1
하이드롤라이즈드콜라겐(2.4%),1
수용성콜라겐(2.5%),1
연꽃잎세포배양가루,1
폴리하이드록시스테아릭애씨드,1
토코페롤(250 ppb),1
연꽃뿌리추출물,1
아스코빌글루코사이드(500 ppb),1
3-O-에틸아스코빅애씨드(500 ppb),1
글루타티온(250 ppm),1
아세틸글루코사민(1,1
세테아릴아이소노나노에이트,1
스트로브잣나무껍질추출물,1
프로콜라겐(1ppm),1
오크라열매추출물,1
콜라겐아미노산(6ppm),1
콜라겐(7ppm),1
수용성콜라겐(12ppm),1
하이드롤라이즈드콜라겐(37ppm),1
데사미도콜라겐(67ppm),1
아텔로콜라겐(70ppm),1
나이아신아마이드(2%),1
피이지-6카프릴릭/카프릭글리세라이드,1
피이지-5글리세릴스테아레이트,1
수레국화꽃추출물,1
아보카도오일,1
비타민나무열매오일(0.016ppm),1
소듐아스코빌포스페이트(0.5ppm),1
감추출물,1
히아신스전초추출물,1
클레리추출물,1
보리지추출물,1
메나다이온(0.00025ppm),1
판테놀(100ppm),1
덱스트린팔미테이트,1
꽃송이버섯추출물,1
카프릴릭/카프릭/석시닉트라이글리세라이드,1
나이아신아마이드(20,1
841ppm),1
토코페롤(0.0154ppm),1
헥실신남알,1
알루미늄/마그네슘하이드록사이드스테아레이트,1
락토바실러스발효용해물(56.88%),1
나이아신아마이드(6%),1
온천수(아벤느 온천수),1
펙 틴,1
제인,1
000IU/g),1
레티놀 (1,1
달맞이꽃추출물,1
오레가노추출물,1
대왕송잎추출물,1
스타이렌/아크릴레이트코폴리머,1
C12-13파레스-9,1
푸마릭애씨드,1
씨대퍼딜추출물,1
프렌치로즈꽃추출물,1
[본품_비타 토닝 캡슐 세럼 50ml] 비타민나무수(810,1
세테스-5,1
피피지-6-데실테트라데세스-30,1
000ppm)*,1
세라마이드엔피*,1
하이드롤라이즈드콜라겐*,1
아스코빌글루코사이드(0.00025ppb)*,1
아스코빅애씨드(1.0005ppb)*,1
알부틴*,1
트라넥사믹애씨드*,1
에칠아스코빌에텔(15,1
하이드로제네이티드레시틴*,1
정제수*,1
나이아신아마이드*,1
비타민나무수(24.48%)*,1
디소듐이디티에이,1
암모늄폴리아크릴로일디메칠타우레이트,1
글리세릴이소스테아레이트,1
라우다이모늄하이드록시프로필하이드롤라이즈드밀단백질*,1
펜틸렌글라이콜*,1
세테스-3,1
소듐나프탈렌설포네이트,1
코토니추출물,1
레틴알(10ppm),1
피이지-5레이프씨드스테롤,1
타라열매추출물,1
하이드롤라이즈드콜라겐(73ppm),1
바이오사카라이드검-4,1
히비스커스꽃추출물,1
피토스테롤*,1
판테놀(30%),1
미역추출물,1
하이드롤라이즈드하이알루로닉애씨드(0.02%),1
호스테일켈프추출물,1
다이소듐아데노신트라이포스페이트,1
아미노에탄설피닉애씨드,1
콜라겐추출물(5%),1
테트라아세틸피토스핑고신,1
장미추출물,1
라임전초오일**,1
글루타티온(1ppm),1
복숭아추출물(1,1
리날룰 *표시: Napiers original formula / +표시: Napiers moisture formula / **표시: 식물 유래 향,1
오렌지껍질오일**,1
로즈마리잎오일**,1
센티드제라늄꽃오일**,1
사이아노코발아민(1 ppm),1
약모밀추출물(200ppm),1
아스코빅애씨드(1 ppm),1
삼색제비꽃추출물+,1
메도우스위트꽃추출물+,1
다마스크장미꽃추출물+,1
마시멜로뿌리추출물+,1
레이디스맨틀잎추출물+,1
병풀추출물(800ppm),1
병풀잎추출물(1ppm),1
라즈베리잎추출물*,1
소듐폴리아크릴레이트스타치,1
맥아추출물,1
카놀라오일,1
불가리스매자열매추출물,1
구기자추출물,1
당근씨오일,1
효모/자일리눔/홍차발효물,1
소듐하이알루로네이트크로스폴리머(0.000001%),1
미나리추출물(826ppm),1
소듐하이알루로네이트(0.01%),1
스테아릴헵타노에이트,1
바쿠치올(5,1
레몬수,1
나이아신아마이드(10 %),1
카프릴하이드록사믹애씨드,1
와일드인디고뿌리추출물*,1
개박하추출물*,1
장미꽃오일,1
피피지-3카프릴릴에터,1
창포뿌리추출물,1
무환자추출물,1
비누풀잎추출물,1
팥추출물,1
천궁뿌리추출물,1
코카미도프로필베타인,1
글라이콜스테아레이트,1
에틸헥실펠라고네이트,1
시트로넬올 [증정 공진향 클렌징 폼] 글리세린,1
피이지-40스테아레이트,1
헥실데실에틸헥사노에이트,1
리모넨 [증정 공진향 탄력 크림] 정제수*,1
시트로넬올 [증정 공진향 탄력 밸런싱 토너] 정제수*,1
스테아릴알코올,1
동아씨추출물,1
센티드제라늄추출물,1
포트마리골드꽃추출물*,1
발삼코파이바수지,1
귀리커넬추출물*,1
토코페롤(84.75 ppm),1
나이아신아마이드(100 ppm),1
마카다미아씨오일폴리글리세릴-6에스터스베헤네이트,1
리날룰 *표시: belif original formula / +표시: 식물 유래 향 [증정 멀티 비타민 마스크] 정제수,1
[본품 비타C 토닝 세럼] 정제수,1
로즈힙열매오일,1
치자꽃추출물,1
빌베리씨오일,1
마룰라씨오일,1
살비아수,1
홍차추출물,1
아프리카스파이더플라워잎추출물,1
줄맨드라미씨추출물,1
들깨잎추출물,1
소듐구아이아줄렌설포네이트,1
(본품)센텔리안24 마데카 분말 티트리 에이씨 정제수,1
빙하수,1
소듐하이알루로네이트2),1
알지닌2),1
하이드롤라이즈드해면2),1
트라넥사믹애씨드3),1
나이아신아마이드3),1
온천수 글리세린 펜틸렌글라이콜 석시닉애씨드 락틱애씨드 소듐하이드록사이드 글루타믹애씨드 소듐벤조에이트 정제수 잔탄검,1
아미노에탄설피닉애씨드 (BI 2068 V1),1
알지닌/라이신폴리펩타이드2),1
프로필갈레이트,1
에르고티오네인,1
바추잎잎추출물,1
리씨열매오일,1
오렌지꽃오일,1
하이드롤라이즈드스클레로튬검,1
사이아노코발아민3),1
소듐디엔에이1),1
실리카실릴레이트,1
오렌지수,1
소듐헥사메타포스페이트 아떼 멜레이저 프로그래밍 앰플 : 에칠아스코빌에텔,1
나이아신아마이드(12%),1
아스코빅애씨드(30%),1
아떼 멜레이저 퓨어 비타민 씨 볼 : 소듐하이알루로네이트(33%),1
소듐레불리네이트,1
레불리닉애씨드,1
소듐실리케이트,1
석시닉애씨드2),1
칼슘실리케이트,1
소듐헥사메타포스페이트 멜레이저 프로그래밍 앰플 : 비타민나무수,1
멜레이저 퓨어 비타민 씨 볼 : 소듐하이알루로네이트,1
포도덩굴추출물,1
애플민트잎추출물,1
콘민트잎추출물,1
피톨,1
바위손추출물,1
맨드라미꽃추출물,1
리모넨 (추가구성)센텔리안24 마데카 겔 세럼 히알론 듀 정제수,1
C12-14Sec-알케스-12,1
마데카식애씨드(200 ppm),1
흰무늬엉겅퀴추출물,1
라케모사승마뿌리추출물,1
마카뿌리추출물,1
수레국화꽃수,1
데하이드로아세틱애씨드,1
바위돌꽃뿌리추출물,1
병풀즙,1
연꽃잎추출물,1
삼나무잎추출물,1
티트리잎오일(500 ppm),1
마데카식애씨드(2,1
비닐다이메티콘/메티콘실세스퀴옥세인크로스폴리머,1
하이드롤라이즈드하이알루로닉애씨드(61,1
온천수*,1
글루타밀아미도에틸인돌,1
[본품-앰플] 정제수,1
프랑스해안송껍질추출물(0.1 ppm) [증정-클렌징폼] 정제수,1
아크릴레이트코폴리머,1
다이소듐코코암포다이아세테이트,1
녹차수(0.97 %),1
라우릴하이드록시설테인,1
폴리쿼터늄-22,1
4-터피네올(1 ppm),1
락토바실러스세포외소포,1
당호박씨오일,1
채찍산호추출물,1
회화나무꽃추출물,1
눈빛승마추출물,1
아르니카 몬타나꽃추출물,1
C30-45알킬다이메티콘,1
아스코빅애씨드(23%),1
글리세릴베헤네이트,1
에델바이스꽃/잎추출물,1
아이소세테스-20,1
클로렐라 프로토테코이데스추출물,1
아시아티코사이드(3,1
610ppb),1
쓴풀추출물,1
푸른연꽃추출물,1
징크하이드롤라이즈드하이알루로네이트,1
글루코닉애씨드,1
팔미토일다이펩타이드-7,1
카프로익애씨드,1
소듐아세테이트,1
노티드랙추출물,1
엘더꽃추출물,1
월귤잎추출물,1
당아욱꽃/잎/줄기추출물,1
1%),1
레이디스맨틀꽃/잎/줄기추출물,1
페루기네움철쭉추출물,1
서양톱풀꽃/잎/줄기추출물,1
스피드웰꽃/잎/줄기추출물,1
카우슬립꽃추출물,1
화산재,1
[세럼] 정제수,1
콜라겐(20 ppm),1
콜라겐추출물(20 ppm),1
향료 [크림] 정제수,1
콜라겐(40 ppm),1
콜라겐추출물(40 ppm),1
향료 [마스크팩] 정제수,1
콜라겐(0.04ppm),1
타마린드씨검,1
징크피씨에이(징크로서,1
수용성콜라겐(0.02ppm),1
마데카소사이드(3.6 ppm),1
316 ppm),1
로얄젤리추출물(1,1
꿀추출물(500 ppm),1
트라넥사믹애씨드(4%),1
"""■ [징크테카세럼] 정제수",1
에틸헥실글리세린 [S.O.S 카밍젤] 정제수,1
"소듐클로라이드""",1
나이아신아마이드(40,1
구아이아줄렌(100ppm),1
100 ppm),1
아시아티코사이드(48 ppm),1
병풀잎추출물(40 ppm),1
마데카식애씨드(36 ppm),1
아시아틱애씨드(36 ppm),1
병풀추출물(3.4 ppm),1
서양민들레잎추출물,1
하이드록시프로필트라이모늄하이알루로네이트(1 ppm),1
비피다발효용해물(3%),1
비피다발효여과물(2,1
046ppm),1
락토바실러스/호박열매발효여과물,1
쿠티박테리움 그라눌로숨발효추출여과물(5ppm),1
꽈리꽃받침추출물,1
흑효모발효물,1
아데 노신,1
인디고추출물,1
원추리꽃추출물,1
하이드롤라이즈 드하이알루로닉애씨드,1
트라이소듐포스페이트,1
물망초꽃/잎 /줄기추출물,1
콜라겐추출물(0.04ppm),1
하이드롤라이즈드콜라겐(0.01ppb),1
소듐아세틸레이티드하이알루로네이트(4ppb),1
코코넛워터,1
야콘뿌리즙,1
망가니즈글루코네이트,1
알파-글루칸올리고사카라이드,1
알루미늄하이드록사이드,1
카프릴로일글라이신,1
비트레오스실라발효물,1
아세틸레이티드글라이콜스테아레이트,1
폴리글리세릴-4아이소스테아레이트,1
하이드로제네이티드쌀겨오일,1
티트리잎수(874,1
835 ppm),1
티트리잎오일(10 ppm),1
티트리잎추출물(0.1 ppm),1
티트리추출물(0.1 ppm),1
매스틱검,1
[시카에센스 30ml] 정제수 비피다발효용해물 판테놀 다이메티콘 베타인 글리세린 부틸렌글라이콜 펜틸렌글라이콜 아이소프로필미리스테이트 피이지/피피지/폴리부틸렌글라이콜-8/5/3글리세린 소듐하이드록사이드 만노오스 메틸다이하이드로자스모네이트 아크릴레이트/C10-30알킬아크릴레이트크로스폴리머 페녹시에탄올 하이드로제네이티드레시틴 알파-글루칸올리고사카라이드 카프릴릴글라이콜 폴리솔베이트20 마데카소사이드 스핑고모나스발효추출물 시트릭애씨드 야콘뿌리즙 소듐메틸스테아로일타우레이트 아세틸다이펩타이드-1세틸에스터 소듐벤조에이트 말토덱스트린 징크글루코네이트 망가니즈글루코네이트 소듐하이알루로네이트 엑토인 단삼뿌리추출물 살리실로일피토스핑고신 락토바실러스 트라이소듐에틸렌다이아민다이석시네이트 비사보롤 [시카밤3ml] 정제수,1
오르니틴,1
카프릴릭/카프릭트라이글 리세라이드,1
세틸에 틸헥사노에이트,1
나이아신아마이 드,1
C12-16알코올,1
소듐아크릴레이트/소듐아크릴 로일다이메틸타우레이트코폴리머,1
카프 릴릴글라이콜,1
솔비탄올 리에이트,1
아 크릴레이트/C10-30알킬아크릴레이트크로스폴리머,1
프로폴리스추출 물,1
마데카식애 씨드,1
세 라마이드엔피,1
본품 : 정제수,1
토코트라이엔올,1
세틸피이지/피피지-10/1다이메티콘,1
청색1호 (CI 42090),1
콜라겐아미노산(0.000001ppb),1
잡티세럼 40ml(증정품)] 정제수,1
아세틸피토스핑고신,1
온천수,1
4-t-부틸사이클로헥산올,1
카프 릴릭/카프릭트라이글리세라이드,1
폴리글리세릴-3다이스 테아레이트,1
글리세 릴글루코사이드,1
다이페닐다이 메티콘,1
하이드로제네이티드올리브오일불검화물,1
아크릴레 이트/C10-30알킬아크릴레이트크로스폴리머,1
다이포타슘 글리시리제이트,1
프룩토올리고 사카라이드,1
하이 드롤라이즈드콜라겐,1
흰목이버섯폴리사카라이드,1
[잡티세럼 40ml(본품),1
제라니올※ ※식물유래 에센셜오일 자체에 원래 포함된 성분 [미간아이패치(증정품)] 정제수,1
황색4호 (CI 19140),1
장미꽃,1
서양산딸기추출물,1
아사이팜열매추출물,1
제라니올※,1
리날룰※,1
적색산화철 (※식물유래 에센셜오일 자체에 원래 포함된 성분),1
에스에이치-올리고펩타이드-1(1.5ppm),1
마조람잎오일,1
네오펜틸글라이콜다이카프레이트,1
글루타티온(50,1
소듐코코일이세티오네이트,1
소듐하이알루로네이트(0.12%),1
가르시니아열매추출물,1
아이소부틸아미도티아졸릴레조시놀,1
프로폴리스추출물(6,1
소듐하이알루로네이트다이메틸실란올(5ppb),1
포타슘솔베이트 증정: 알로에베라잎수,1
전성분 실크수(69.9%),1
하이드롤라이즈드하이알루로닉애씨드(0.10052ppm),1
소듐하이알루로네이트(0.0052ppm),1
하이알루로닉애씨드(0.00001ppm),1
트라이실록세인,1
폴리에터-1,1
소듐하이알루로네이트크로스폴리머(0.00105ppm),1
하이드록시프로필트라이모늄하이알루로네이트(0.00012ppm),1
소듐아세틸레이티드하이알루로네이트(0.000002ppm),1
비스-하이드록시에톡시프로필다이메티콘,1
데카펩타이드-4,1
벼에스에이치-올리고펩타이드-1 * 레티놀 함량 509 IU/g,1
칼슘알루미늄보로실리케이트,1
소듐설파이트,1
프로필렌글라이콜알지네이트 (순수레티놀 함량 880IU),1
돌콩펩타이드(100 ppm),1
옥토크릴렌,1
에스에이치-폴리펩타이드-121(204 ppb),1
카페오일헥사펩타이드-65(104 ppb),1
헵타소듐헥사카복시메틸다이펩타이드-12(54 ppb),1
미리스토일펜타펩타이드-17(14 ppb),1
미리스토일펜타펩타이드-4(14 ppb),1
에스에이치-폴리펩타이드-123(14 ppb),1
팔미토일펜타펩타이드-5(9 ppb),1
아세틸테트라펩타이드-3(7ppb),1
카퍼트라이펩타이드-1(6 ppb),1
팔미토일펜타펩타이드-4(5 ppb),1
아세틸헥사펩타이드-8(5 ppb),1
팔미토일테트라펩타이드-7(4 ppb),1
에스에이치-데카펩타이드-7(4 ppb),1
에스에이치-옥타펩타이드-4(4 ppb),1
부틸옥틸살리실레이트,1
비스-에칠헥실옥시페놀메톡시페닐트리아진,1
에스에이치-펜타펩타이드-19(4 ppb),1
하이드롤라이즈드하이알루로닉애씨드(0.100052ppm),1
시트릭애씨드 * 피디알엔: 소듐디엔에이 [크림] 정제수,1
다이페닐실록시페닐트라이메티콘,1
피씨에이다이메티콘,1
카보머 [패드] 정제수,1
녹차카테킨,1
트라이에톡시카프릴릴실레인,1
미네랄솔트,1
PDRN 앰플 정제수,1
이리추출물,1
아텔로콜라겐 PDRN 핑크 원데이 세럼 정제수,1
메틸글루세스-10,1
하이드롤라이즈드하이알루로닉애씨드(500ppm),1
'[웰라쥬 리얼 히알루로닉 블루 앰플] '정제수,1
갈랑가갈랑갈추출물,1
하이드롤라이즈드소듐하이알루로네이트(0.1ppm),1
다이소듐이디티에이 [웰라쥬 리얼 히알루로닉 블루 선크림] 정제수,1
돌콩추출물,1
테트라하이드로피페린,1
소듐하이알루로네이트크로스폴리머(2.08ppb),1
올레일알코올,1
하이드록시프로필트라이모늄하이알루로네이트(0.012ppb),1
하이알루로닉애씨드(0.001ppb),1
소듐아세틸레이티드하이알루로네이트(0.0002ppb) [웰라쥬 리얼 히알루로닉 크림] 하이드롤라이즈드하이알루로닉애씨드(500,1
소듐하이알루로네이트크로스폴리머(3.5ppb),1
하이드록시프로필트라이모늄하이알루로네이트(0.42ppb),1
하이알루로닉애씨드(0.035ppb),1
소듐아세틸레이티드하이알루로네이트(0.007ppb),1
스트렙토코쿠스 테르모필루스발효물,1
비즈왁스,1
폴리글리세릴-3폴리리시놀리에이트,1
에스에이치-올리고펩타이드-9(4 ppb),1
팔미토일트라이펩타이드-1(4 ppb),1
하이드록시프로필트라이모늄하이알루로네이트(8ppb),1
락토바실러스발효용해물(45%),1
아연,1
탄제린추출물,1
스키산드라 스페난테라열매추출물,1
[세럼] 비피다발효용해물,1
트로폴론,1
다이소듐이디티에이 [마스크팩] 정제수,1
레몬그라스잎오일,1
솔잣나무가지/잎오일,1
다시마즙 (20%),1
시메티콘,1
조류추출물,1
다시마추출물 (0.0002%),1
아텔로콜라겐,1
비피다발효용해물(45%),1
참오동나무잎추출물,1
에스에이치-올리고펩타이드-9 (5ppb),1
생달나무잎추출물,1
녹나무잎추출물,1
월계수잎추출물,1
고수추출물,1
후박나무가지추출물,1
바질오일,1
소듐하이알루로네이트(50,1
200ppb),1
하이알루로닉애씨드(150ppb),1
다이메틸실란올하이알루로네이트(150ppb),1
하이드롤라이즈드소듐하이알루로네이트(150ppb),1
하이드롤라이즈드하이알루로닉애씨드(150ppb),1
포타슘하이알루로네이트(100ppb),1
소듐하이알루로네이트크로스폴리머(8ppb),1
에스에이치-펜타펩타이드-19 (5ppb),1
에스에이치-옥타펩타이드-4 (5ppb),1
트라이펩타이드-32(4 ppb),1
트레할로스,1
에스알-(올리고펩타이드-91클로스트리듐보툴리눔폴리펩타이드-1)(4 ppb),1
에스에이치-올리고펩타이드-1(4 ppb),1
에스에이치-폴리펩타이드-1(4 ppb),1
에스에이치-올리고펩타이드-2(4 ppb),1
에스에이치-폴리펩타이드-11(4 ppb),1
에스에이치-폴리펩타이드-9(4 ppb),1
에스에이치-폴리펩타이드-16(4 ppb),1
에스에이치-폴리펩타이드-22(4 ppb),1
에스에이치-폴리펩타이드-3(4 ppb),1
에스에이치-폴리펩타이드-19(4ppb),1
에스에이치-폴리펩타이드-62(4 ppb),1
아쿠아(아벤느온천수),1
아이소세틸스테아로일스테아레이트,1
소르비탄올리베이트,1
피이지-7트라이메틸올프로판코코넛에터,1
에스에이치-데카펩타이드-7 (5ppb),1
후추열매오일,1
생강오일,1
육계잎오일,1
병풀추출물(1000.001 ppb),1
병풀꽃/잎/줄기추출물(100 ppb),1
마데카식애씨드(0.0003 ppb),1
아시아틱애씨드(0.0003 ppb),1
아시아티코사이드(0.0004 ppb),1
동백나무꽃추출물,1
잣나무씨추출물,1
폴리그릴세릴-10스테아레이트,1
스핑고리피드,1
판테놀 (100,1
카퍼트라이펩타이드-1 (100ppb),1
베타-카로틴 증정 : 알로에베라잎수,1
히솝추출물,1
피토스테릴/이소스테아릴/세틸/스테아릴/베헤닐다이머디리놀리에이트,1
락토바실러스/부레옥잠발효물*,1
메도우스위트추출물,1
글리세릴스테아레이트+,1
리놀레익애씨드+,1
팔미틱애씨드+,1
타히티바닐라추출물,1
아이소스테아릭애씨드,1
세라마이드에이피+,1
세라마이드엔지+,1
락토바실러스/배즙발효여과물*,1
효모/보리씨발효여과물*,1
수박추출물*,1
무추출물*,1
락토바실러스/인삼뿌리발효여과물*,1
락토바실러스/콩발효추출물*,1
모나스커스/쌀발효물*,1
비니거*,1
효모/포도발효추출물*,1
효모/감자추출물발효여과물*,1
효모/자일리눔/홍차발효물*,1
세라마이드이오피+,1
단풍나무잎추출물*,1
창포뿌리추출물*,1
개다래추출물*,1
으름덩굴추출물*,1
양파추출물*,1
마늘추출물*,1
지모뿌리추출물*,1
쑥잎추출물*,1
사탕무뿌리추출물*,1
양배추추출물*,1
콜레스테롤+,1
세라마이드엔피+,1
동백나무잎추출물*,1
포타슘솔베이트 [9번 마스크팩] [상단] 정제수,1
초유(7,1
500ppm),1
우유지질,1
콜라겐수,1
알지닉애씨드,1
실란트라이올,1
펜타펩타이드-4,1
레티놀(1%),1
세틸팔미테이트,1
소듐하이알루로네이트(0.03%),1
소듐하이알루로네이트크로스폴리머(0.00005%),1
유럽밤나무씨추출물,1
해마토코쿠스 플루비알리스추출물,1
[9번 에센스] 정제수,1
네오펜틸글라이콜다이헵타노에이트,1
수크로오스스테아레이트+,1
에스에이치-폴리펩타이드-62 [하단] 정제수,1
미역취추출물,1
개똥쑥추출물,1
님잎추출물,1
가시대나무수액,1
자작나무수액,1
소듐만노오스포스페이트,1
카퍼설페이트,1
산구절초추출물,1
하이알루로닉애씨드/폴리아이소프로필아크릴아마이드코폴리머,1
에센스: 정제수*,1
락토바실러스발효용해물*,1
3-부탄다이올+,1
하이드로제네이티드레시틴+,1
순무잎추출물*,1
파파야열매추출물*,1
피키아발효용해여과물,1
형개추출물*,1
소엽잎추출물*,1
팥추출물*,1
왕질경이씨추출물*,1
도라지뿌리추출물*,1
쇠비름추출물*,1
살구추출물*,1
복숭아추출물*,1
자두추출물*,1
사과추출물*,1
지황뿌리추출물*,1
로즈마리잎추출물*,1
라즈베리추출물*,1
살비아잎추출물*,1
얼룩조릿대잎추출물*,1
검은깨추출물*,1
바질잎추출물*,1
시금치추출물*,1
서양민들레잎추출물*,1
하늘타리뿌리추출물*,1
미역추출물*,1
생강추출물*,1
마트리카리아꽃추출물*,1
은행추출물*,1
약모밀추출물*,1
락토바실러스/호밀가루발효물*,1
락토바실러스/고추냉이뿌리발효추출물*,1
제라니올 세럼: 정제수,1
메틸메타크릴레이트크로스폴리머,1
파네솔 크림: 정제수,1
C13-15알케인,1
기장추출물*,1
연꽃뿌리추출물*,1
잇꽃꽃추출물*,1
비파나무잎추출물*,1
결명씨추출물*,1
병풀추출물*,1
모과추출물*,1
치커리뿌리추출물*,1
베르가모트잎추출물*,1
유자추출물*,1
귤껍질추출물*,1
더덕뿌리추출물*,1
쿠네아타산사열매추출물*,1
오이열매추출물*,1
울금뿌리추출물*,1
당근추출물*,1
감추출물*,1
쇠뜨기추출물*,1
무화과추출물*,1
바나나추출물*,1
허브로버트추출물*,1
긴병꽃풀추출물*,1
스페인감초뿌리추출물*,1
잎새버섯자실체추출물*,1
해바라기씨추출물*,1
원추리꽃추출물*,1
고구마뿌리추출물*,1
표고버섯추출물*,1
레몬버베나잎추출물*,1
인동덩굴꽃추출물*,1
구기자추출물*,1
레몬밤추출물*,1
페퍼민트꽃/잎/줄기추출물*,1
산뽕나무잎추출물*,1
효모발효용해여과물,1
락토바실러스발효용해물(3.6%),1
아마씨추출물,1
아세틸올리고펩타이드-99아마이드,1
병풀추출물(3.5%),1
코코-글루코사이드,1
병풀캘러스세포외소포,1
소듐하이알루로네이트크로스폴리머(1ppb),1
다이메틸설폰,1
폴리글리세릴-5폴리리시놀리에이트,1
스위트아몬드추출물,1
바다포도추출물,1
청각추출물,1
프랑스해안송껍질추출물,1
블랙체리열매추출물,1
알에이치-올리고펩타이드-1,1
알에이치-폴리펩타이드-1,1
알에이치-폴리펩타이드-2,1
포스페이트버퍼드셀라인,1
합성왁스,1
피키아발효추출여과물,1
폴리프로필실세스퀴옥세인,1
흰버드나무잎추출물,1
쇠뜨기추출물,1
유채추출물,1
- 멜라캡처앰플(맥스). 38ml 정제수,1
시트로넬올 - 멜라캡처앰플패드(10ea),1
포도뿌리추출물,1
미로탐누스 플라벨리폴리아잎/줄기추출물,1
약모밀꽃/잎/줄기수(80%),1
나이아신아 마이드,1
3-O-에틸아스코빅애씨드(19,1
950ppm),1
2- 헥산다이올,1
하이드롤라이즈드밀단백질,1
산약삼추출물,1
아스 코빅애씨드,1
피지오겔 레드수딩 AI 리페어 크림 정제수,1
소나무잎추출물(10,1
022ppm),1
병풀추출물 (111.22ppm),1
글라이코프로테인 (2.0044ppm),1
아시아티코사이드 (0.1002ppm),1
아시아틱애씨드 (0.1002ppm),1
마데카소사이드 (0.1002ppm),1
마데카식애씨드 (0.1002ppm),1
알파-알부틴(2%),1
하이드롤라이즈드하이알루로닉애씨드(29,1
시트릭애씨드 * 피디알엔: 소듐디엔에이,1
돌콩싹추출물,1
파파야열매추출물,1
소듐폴리글루타메이트,1
식물성오일,1
시스테인 [브이티 피디알엔 에센스 100] 정제수,1
팔미타마이드엠이에이,1
아세타마이드엠이에이,1
소듐포스페이트 피지오겔 레드수딩 AI 리페어 에센스 정제수@글리세린@부틸렌글라이콜@다이프로필렌글라이콜@펜틸렌글라이콜@프로판다이올@알로에베라잎즙@나이아신아마이드@1,1
2-헥산다이올@베타인@판테놀@폴리글리세릴-10스테아레이트@폴리글리세릴-10올리에이트@트록세루틴@잔탄검@아데노신@아세타마이드엠이에이@시트릭애씨드@소듐시트레이트@트라이소듐이디티에이@트로메타민@사코신@베타-글루칸@팔미타마이드엠이에이@알로에베라잎폴리사카라이드@스쿠알란@카프릴릭/카프릭트라이글리세라이드@세라마이드엔피@하이드로제네이티드레시틴,1
프로폴리스추출물(7.05 %),1
서양벌노랑이씨추출물,1
옥탄다이올,1
트라이에틸시트레이트,1
마테잎추출물,1
소두구씨오일,1
시트로넬라오일,1
갈바눔수지오일,1
[브이티 리들샷 100 ] 정제수,1
글루카신,1
에 리스리톨,1
아스코빌글 루코사이드,1
비피다발효용해물(3.6%),1
소엽잎추출물,1
하이드롤라이즈드하이알루로닉애씨드 (100ppb),1
하이알루로닉애씨드(25ppb),1
소듐하이알루로네이트크로스폴리머(10ppb),1
포타슘하이알루로네이트(2ppb),1
락토바실러스/콩추출물발효여과물,1
황색산화철,1
토코페롤(200 ppm),1
3-O-에틸아스코빅애씨드(100 ppm),1
아스코빅애씨드(50 ppm),1
-하이드라 크림앰플(30ml) 코코넛야자열매수,1
소듐하이 알루로네이트,1
락토코쿠스발효물,1
자이언트켈프추출물,1
루이보스추출물,1
몰약수지추출물,1
하이드록시프로필트라이모늄하이알루로네이트(1000ppb),1
모하비유카뿌리추출물,1
[콩 에센스] 락토바실러스/콩발효추출물,1
락토바실러스/석류발효추출물,1
효모/보리씨발효추출물,1
락토바실러스/배즙발효여과물 [미니 순디 병풀 에센스] 정제수,1
병풀추출물 100,1
정제수 글리세린 다이메티콘 아이소세틸스테아레이트 나이아신아마이드 아이소프로필라우로일사코시네이트 실리카 암모늄폴리아크릴로일다이메틸타우레이트 쌀전분 석류과피추출물 포타슘세틸포스페이트 솔비탄올리에이트 징크피씨에이 글리세릴스테아레이트에스이 아이소헥사데칸 소듐하이드록사이드 미리스틸미리스테이트 2-올레아미도-1,1
3-옥타데칸다이올 만노오스 폴록사머338 카프릴로일살리실릭애씨드 카프릴릴글라이콜 비트레오스실라발효물 시트릭애씨드 트라이소듐에틸렌다이아민다이석시네이트 말토덱스트린 잔탄검 펜틸렌글라이콜 폴리솔베이트80 아크릴아마이드/소듐아크릴로일다이메틸타우레이트코폴리머 살리실릭애씨드 피록톤올아민 향료,1
에탄올(식물발효),1
레몬향티트리오일,1
서양송악추출물,1
신선초추출물,1
바오밥나무잎추출물,1
시트랄※,1
소듐아세틸레이티드하이알루로네이트(100ppb),1
검은귀리추출물,1
감태추 출물,1
소듐하이알루로네이트(2,1
개청각추출물,1
아크릴레이트/C10-30알킬 아크릴레이트크로스폴리머,1
다이소듐 이디티에이,1
홀리 바질잎추출물,1
하이드로제네이티 드레시틴,1
볼도잎추출물,1
콜레스테릴아이소스테아레이트,1
콜레스테릴클로라이드,1
콜레스테릴노나노에이트,1
[앰플] 정제수,1
소듐아세틸레이티드하이알루로네이트 [크림] 정제수,1
양파추출물(9172.5ppm),1
티트리잎수(19,1
400 ppm),1
800 ppm),1
소듐하이알루로네이트(660,1
티트리잎오일(300 ppm),1
티트리추출물(100 ppm),1
티트리잎추출물(100 ppm),1
약모밀추출물(어성초추출물),1
리모넨※ ※식물유래 에센셜 오일에 원래 포함된 성분입니다,1
"""1) 웰라쥬 리얼 에이치에이 하이드레이트 캡슐 소듐하이알루로네이트(90.95%)",1
하이드록시프로필사이클로덱스트린 2) 웰라쥬 리얼 에이치에이 하이드레이트 솔루션 정제수,1
하이드롤라이즈드글라이코사미노글리칸(28ppb),1
소듐하이알루로네이트크로스폴리머(5ppb),1
하이드롤라이즈드하이알루로닉애씨드(2.6ppb),1
하이드록시프로필트라이모늄하이알루로네이트(0.6ppb),1
하이알루로닉애씨드(0.05ppb),1
소듐아세틸레이티드하이알루로네이트(0.01ppb),1
"리날룰""",1
소듐하이알루로네이트(1.5%),1
